week,date,time,away_team,away_team_abbr,home_team,home_team_abbr,home_team_city,home_team_state,note,away_turf,home_turf,same_turf,opposite_turf,same_division,opp_conference,thurs_night,sun_night,mon_night,home_team_off_mon_next_away,away_team_off_mon_next_home,away_team_off_mon_next_away,back_to_back_away,three_of_four_away,travel_dist_2000_plus,back_to_back_west_east,back_to_back_west_central,bye_before_away,bye_before_home,home_rest_advantage_3plus,away_rest_advantage_3plus,game_datetime_utc,game_datetime_et,game_datetime_ct,time_tbd,location,travel_miles,home_days_rest,away_days_rest,rest_differential,home_rest_advantage_3plus,away_rest_advantage_3plus,international_game,away_consecutive_road_games,away_road_games_last4,home_consecutive_home_games,home_home_games_last4,s_factor_home,s_factor_away
1,"Wednesday, September 9, 2026",8:20 PM,New England Patriots,NE,Seattle Seahawks,SEA,Seattle,Washington,,turf,grass,FALSE,TRUE,FALSE,TRUE,TRUE,FALSE,FALSE,FALSE,FALSE,FALSE,FALSE,FALSE,TRUE,FALSE,FALSE,FALSE,FALSE,FALSE,FALSE,9/10/2026 0:20,9/9/2026 20:20,9/9/2026 19:20,FALSE,Lumen Field,2485,7,7,0,FALSE,FALSE,FALSE,1,1,1,1,2.6,0
1,"Thursday, September 10, 2026",8:35 PM,San Francisco 49ers,SF,Los Angeles Rams,LAR,Melbourne,Australia,"International Game: Melbourne, Australia",grass,turf,FALSE,FALSE,TRUE,FALSE,TRUE,FALSE,FALSE,FALSE,FALSE,FALSE,FALSE,FALSE,FALSE,FALSE,FALSE,FALSE,FALSE,FALSE,FALSE,9/11/2026 0:35,9/10/2026 20:35,9/10/2026 19:35,FALSE,Melbourne Cricket Ground,7873,7,7,0,FALSE,FALSE,TRUE,1,1,1,1,0.4,0.2
1,"Sunday, September 13, 2026",1:00 PM,Chicago Bears,CHI,Carolina Panthers,CAR,Charlotte,North Carolina,,grass,grass,TRUE,FALSE,FALSE,FALSE,FALSE,FALSE,FALSE,FALSE,FALSE,FALSE,FALSE,FALSE,FALSE,FALSE,FALSE,FALSE,FALSE,FALSE,FALSE,9/13/2026 17:00,9/13/2026 13:00,9/13/2026 12:00,FALSE,Bank of America Stadium,586,7,7,0,FALSE,FALSE,FALSE,1,1,1,1,0,0.2
1,"Sunday, September 13, 2026",1:00 PM,Tampa Bay Buccaneers,TB,Cincinnati Bengals,CIN,Cincinnati,Ohio,,grass,turf,FALSE,TRUE,FALSE,TRUE,FALSE,FALSE,FALSE,FALSE,FALSE,FALSE,FALSE,FALSE,FALSE,FALSE,FALSE,FALSE,FALSE,FALSE,FALSE,9/13/2026 17:00,9/13/2026 13:00,9/13/2026 12:00,FALSE,Paycor Stadium,777,7,7,0,FALSE,FALSE,FALSE,1,1,1,1,0.4,0
1,"Sunday, September 13, 2026",1:00 PM,New Orleans Saints,NO,Detroit Lions,DET,Detroit,Michigan,,turf,turf,TRUE,FALSE,FALSE,FALSE,FALSE,FALSE,FALSE,FALSE,FALSE,FALSE,FALSE,FALSE,FALSE,FALSE,FALSE,FALSE,FALSE,FALSE,FALSE,9/13/2026 17:00,9/13/2026 13:00,9/13/2026 12:00,FALSE,Ford Field,941,7,7,0,FALSE,FALSE,FALSE,1,1,1,1,0,0.2
1,"Sunday, September 13, 2026",1:00 PM,Buffalo Bills,BUF,Houston Texans,HOU,Houston,Texas,,turf,grass,FALSE,TRUE,FALSE,FALSE,FALSE,FALSE,FALSE,FALSE,FALSE,FALSE,FALSE,FALSE,FALSE,FALSE,FALSE,FALSE,FALSE,FALSE,FALSE,9/13/2026 17:00,9/13/2026 13:00,9/13/2026 12:00,FALSE,Reliant Stadium,1290,7,7,0,FALSE,FALSE,FALSE,1,1,1,1,0.2,0
1,"Sunday, September 13, 2026",1:00 PM,Baltimore Ravens,BAL,Indianapolis Colts,IND,Indianapolis,Indiana,,turf,turf,TRUE,FALSE,FALSE,FALSE,FALSE,FALSE,FALSE,FALSE,FALSE,FALSE,FALSE,FALSE,FALSE,FALSE,FALSE,FALSE,FALSE,FALSE,FALSE,9/13/2026 17:00,9/13/2026 13:00,9/13/2026 12:00,FALSE,Lucas Oil Stadium,509,7,7,0,FALSE,FALSE,FALSE,1,1,1,1,0,0.2
1,"Sunday, September 13, 2026",1:00 PM,Cleveland Browns,CLE,Jacksonville Jaguars,JAX,Jacksonville,Florida,,turf,grass,FALSE,TRUE,FALSE,FALSE,FALSE,FALSE,FALSE,FALSE,FALSE,FALSE,FALSE,FALSE,FALSE,FALSE,FALSE,FALSE,FALSE,FALSE,FALSE,9/13/2026 17:00,9/13/2026 13:00,9/13/2026 12:00,FALSE,EverBank Stadium,773,7,7,0,FALSE,FALSE,FALSE,1,1,1,1,0.2,0
1,"Sunday, September 13, 2026",1:00 PM,Atlanta Falcons,ATL,Pittsburgh Steelers,PIT,Pittsburgh,Pennsylvania,,grass,grass,TRUE,FALSE,FALSE,TRUE,FALSE,FALSE,FALSE,FALSE,FALSE,FALSE,FALSE,FALSE,FALSE,FALSE,FALSE,FALSE,FALSE,FALSE,FALSE,9/13/2026 17:00,9/13/2026 13:00,9/13/2026 12:00,FALSE,Acrisure Stadium,521,7,7,0,FALSE,FALSE,FALSE,1,1,1,1,0.2,0.2
1,"Sunday, September 13, 2026",1:00 PM,New York Jets,NYJ,Tennessee Titans,TEN,Nashville,Tennessee,,turf,grass,FALSE,TRUE,FALSE,FALSE,FALSE,FALSE,FALSE,FALSE,FALSE,FALSE,FALSE,FALSE,FALSE,FALSE,FALSE,FALSE,FALSE,FALSE,FALSE,9/13/2026 17:00,9/13/2026 13:00,9/13/2026 12:00,FALSE,Nissan Stadium,757,7,7,0,FALSE,FALSE,FALSE,1,1,1,1,0.2,0
1,"Sunday, September 13, 2026",4:25 PM,Arizona Cardinals,ARI,Los Angeles Chargers,LAC,Los Angeles,California,,turf,turf,TRUE,FALSE,FALSE,TRUE,FALSE,FALSE,FALSE,FALSE,FALSE,FALSE,FALSE,FALSE,FALSE,FALSE,FALSE,FALSE,FALSE,FALSE,FALSE,9/13/2026 20:25,9/13/2026 16:25,9/13/2026 15:25,FALSE,SoFi Stadium,350,7,7,0,FALSE,FALSE,FALSE,1,1,1,1,0.2,0.2
1,"Sunday, September 13, 2026",4:25 PM,Miami Dolphins,MIA,Las Vegas Raiders,LV,Las Vegas,Nevada,,turf,turf,TRUE,FALSE,FALSE,FALSE,FALSE,FALSE,FALSE,FALSE,FALSE,FALSE,FALSE,FALSE,TRUE,FALSE,FALSE,FALSE,FALSE,FALSE,FALSE,9/13/2026 20:25,9/13/2026 16:25,9/13/2026 15:25,FALSE,Allegiant Stadium,2171,7,7,0,FALSE,FALSE,FALSE,1,1,1,1,0.2,0.2
1,"Sunday, September 13, 2026",4:25 PM,Green Bay Packers,GB,Minnesota Vikings,MIN,Minneapolis,Minnesota,,grass,turf,FALSE,TRUE,TRUE,FALSE,FALSE,FALSE,FALSE,FALSE,FALSE,FALSE,FALSE,FALSE,FALSE,FALSE,FALSE,FALSE,FALSE,FALSE,FALSE,9/13/2026 20:25,9/13/2026 16:25,9/13/2026 15:25,FALSE,U.S. Bank Stadium,257,7,7,0,FALSE,FALSE,FALSE,1,1,1,1,0.2,0.2
1,"Sunday, September 13, 2026",4:25 PM,Washington Commanders,WAS,Philadelphia Eagles,PHI,Philadelphia,Pennsylvania,,turf,turf,TRUE,FALSE,TRUE,FALSE,FALSE,FALSE,FALSE,FALSE,FALSE,FALSE,FALSE,FALSE,FALSE,FALSE,FALSE,FALSE,FALSE,FALSE,FALSE,9/13/2026 20:25,9/13/2026 16:25,9/13/2026 15:25,FALSE,Lincoln Financial Field,114,7,7,0,FALSE,FALSE,FALSE,1,1,1,1,0,0.4
1,"Sunday, September 13, 2026",8:20 PM,Dallas Cowboys,DAL,New York Giants,NYG,Newark,New Jersey,,grass,turf,FALSE,TRUE,TRUE,FALSE,FALSE,TRUE,FALSE,FALSE,FALSE,FALSE,FALSE,FALSE,FALSE,FALSE,FALSE,FALSE,FALSE,FALSE,FALSE,9/14/2026 0:20,9/13/2026 20:20,9/13/2026 19:20,FALSE,MetLife Stadium,1385,7,7,0,FALSE,FALSE,FALSE,1,1,1,1,1,0.2
1,"Monday, September 14, 2026",8:15 PM,Denver Broncos,DEN,Kansas City Chiefs,KC,Kansas City,Missouri,,turf,grass,FALSE,TRUE,TRUE,FALSE,FALSE,FALSE,TRUE,FALSE,FALSE,FALSE,FALSE,FALSE,FALSE,FALSE,FALSE,FALSE,FALSE,FALSE,FALSE,9/15/2026 0:15,9/14/2026 20:15,9/14/2026 19:15,FALSE,GEHA Field at Arrowhead Stadium,564,7,7,0,FALSE,FALSE,FALSE,1,1,1,1,0.6,0.2
2,"Thursday, September 17, 2026",8:15 PM,Detroit Lions,DET,Buffalo Bills,BUF,Buffalo,New York,,turf,turf,TRUE,FALSE,FALSE,TRUE,TRUE,FALSE,FALSE,FALSE,FALSE,FALSE,FALSE,FALSE,FALSE,FALSE,FALSE,FALSE,FALSE,FALSE,FALSE,9/18/2026 0:15,9/17/2026 20:15,9/17/2026 19:15,FALSE,Highmark Stadium,219,4,4,0,FALSE,FALSE,FALSE,1,1,1,1,0.6,0.2
2,"Sunday, September 20, 2026",1:00 PM,Carolina Panthers,CAR,Atlanta Falcons,ATL,Atlanta,Georgia,,grass,grass,TRUE,FALSE,TRUE,FALSE,FALSE,FALSE,FALSE,FALSE,FALSE,FALSE,FALSE,FALSE,FALSE,FALSE,FALSE,FALSE,FALSE,FALSE,FALSE,9/20/2026 17:00,9/20/2026 13:00,9/20/2026 12:00,FALSE,Mercedes-Benz Stadium,226,7,7,0,FALSE,FALSE,FALSE,1,1,1,1,0,0.4
2,"Sunday, September 20, 2026",1:00 PM,New Orleans Saints,NO,Baltimore Ravens,BAL,Baltimore,Maryland,,turf,turf,TRUE,FALSE,FALSE,TRUE,FALSE,FALSE,FALSE,FALSE,FALSE,FALSE,TRUE,FALSE,FALSE,FALSE,FALSE,FALSE,FALSE,FALSE,FALSE,9/20/2026 17:00,9/20/2026 13:00,9/20/2026 12:00,FALSE,M&T Bank Stadium,998,7,7,0,FALSE,FALSE,FALSE,2,2,1,1,0.4,0.2
2,"Sunday, September 20, 2026",1:00 PM,Minnesota Vikings,MIN,Chicago Bears,CHI,Chicago,Illinois,,turf,grass,FALSE,TRUE,TRUE,FALSE,FALSE,FALSE,FALSE,FALSE,FALSE,FALSE,FALSE,FALSE,FALSE,FALSE,FALSE,FALSE,FALSE,FALSE,FALSE,9/20/2026 17:00,9/20/2026 13:00,9/20/2026 12:00,FALSE,Soldier Field,355,7,7,0,FALSE,FALSE,FALSE,1,1,1,1,0.2,0.2
2,"Sunday, September 20, 2026",1:00 PM,Cincinnati Bengals,CIN,Houston Texans,HOU,Houston,Texas,,turf,grass,FALSE,TRUE,FALSE,FALSE,FALSE,FALSE,FALSE,FALSE,FALSE,FALSE,FALSE,FALSE,FALSE,FALSE,FALSE,FALSE,FALSE,FALSE,FALSE,9/20/2026 17:00,9/20/2026 13:00,9/20/2026 12:00,FALSE,Reliant Stadium,898,7,7,0,FALSE,FALSE,FALSE,1,1,2,2,0.2,0
2,"Sunday, September 20, 2026",1:00 PM,Pittsburgh Steelers,PIT,New England Patriots,NE,Boston,Massachusetts,,grass,turf,FALSE,TRUE,FALSE,FALSE,FALSE,FALSE,FALSE,FALSE,FALSE,FALSE,FALSE,FALSE,FALSE,FALSE,FALSE,FALSE,FALSE,TRUE,FALSE,9/20/2026 17:00,9/20/2026 13:00,9/20/2026 12:00,FALSE,Gillette Stadium,468,11,7,4,TRUE,FALSE,FALSE,1,1,1,1,0.6,0.04
2,"Sunday, September 20, 2026",1:00 PM,Green Bay Packers,GB,New York Jets,NYJ,Newark,New Jersey,,grass,turf,FALSE,TRUE,FALSE,TRUE,FALSE,FALSE,FALSE,FALSE,FALSE,FALSE,TRUE,FALSE,FALSE,FALSE,FALSE,FALSE,FALSE,FALSE,FALSE,9/20/2026 17:00,9/20/2026 13:00,9/20/2026 12:00,FALSE,MetLife Stadium,754,7,7,0,FALSE,FALSE,FALSE,2,2,1,1,0.6,0
2,"Sunday, September 20, 2026",1:00 PM,Cleveland Browns,CLE,Tampa Bay Buccaneers,TB,Tampa Bay,Florida,,turf,grass,FALSE,TRUE,FALSE,TRUE,FALSE,FALSE,FALSE,FALSE,FALSE,FALSE,TRUE,FALSE,FALSE,FALSE,FALSE,FALSE,FALSE,FALSE,FALSE,9/20/2026 17:00,9/20/2026 13:00,9/20/2026 12:00,FALSE,Raymond James Stadium,936,7,7,0,FALSE,FALSE,FALSE,2,2,1,1,0.6,0
2,"Sunday, September 20, 2026",1:00 PM,Philadelphia Eagles,PHI,Tennessee Titans,TEN,Nashville,Tennessee,,turf,grass,FALSE,TRUE,FALSE,TRUE,FALSE,FALSE,FALSE,FALSE,FALSE,FALSE,FALSE,FALSE,FALSE,FALSE,FALSE,FALSE,FALSE,FALSE,FALSE,9/20/2026 17:00,9/20/2026 13:00,9/20/2026 12:00,FALSE,Nissan Stadium,682,7,7,0,FALSE,FALSE,FALSE,1,1,2,2,0.4,0
2,"Sunday, September 20, 2026",4:05 PM,Jacksonville Jaguars,JAX,Denver Broncos,DEN,Denver,Colorado,,grass,turf,FALSE,TRUE,FALSE,FALSE,FALSE,FALSE,FALSE,FALSE,TRUE,FALSE,FALSE,FALSE,FALSE,FALSE,FALSE,FALSE,FALSE,FALSE,FALSE,9/20/2026 20:05,9/20/2026 16:05,9/20/2026 15:05,FALSE,Empower Field at Mile High,1468,6,7,-1,FALSE,FALSE,FALSE,1,1,1,1,0.2,0.6
2,"Sunday, September 20, 2026",4:05 PM,Las Vegas Raiders,LV,Los Angeles Chargers,LAC,Los Angeles,California,,turf,turf,TRUE,FALSE,TRUE,FALSE,FALSE,FALSE,FALSE,FALSE,FALSE,FALSE,FALSE,FALSE,FALSE,FALSE,FALSE,FALSE,FALSE,FALSE,FALSE,9/20/2026 20:05,9/20/2026 16:05,9/20/2026 15:05,FALSE,SoFi Stadium,232,7,7,0,FALSE,FALSE,FALSE,1,1,2,2,0,0.4
2,"Sunday, September 20, 2026",4:25 PM,Seattle Seahawks,SEA,Arizona Cardinals,ARI,Phoenix,Arizona,,grass,turf,FALSE,TRUE,TRUE,FALSE,FALSE,FALSE,FALSE,FALSE,FALSE,FALSE,FALSE,FALSE,FALSE,FALSE,FALSE,FALSE,FALSE,FALSE,TRUE,9/20/2026 20:25,9/20/2026 16:25,9/20/2026 15:25,FALSE,State Farm Stadium,1104,7,11,-4,FALSE,TRUE,FALSE,1,1,1,1,0.2,1
2,"Sunday, September 20, 2026",4:25 PM,Washington Commanders,WAS,Dallas Cowboys,DAL,Dallas,Texas,,turf,grass,FALSE,TRUE,TRUE,FALSE,FALSE,FALSE,FALSE,FALSE,FALSE,FALSE,TRUE,FALSE,FALSE,FALSE,FALSE,FALSE,FALSE,FALSE,FALSE,9/20/2026 20:25,9/20/2026 16:25,9/20/2026 15:25,FALSE,AT&T Stadium,1207,7,7,0,FALSE,FALSE,FALSE,2,2,1,1,0.4,0.2
2,"Sunday, September 20, 2026",4:25 PM,Miami Dolphins,MIA,San Francisco 49ers,SF,San Francisco,California,,turf,grass,FALSE,TRUE,FALSE,TRUE,FALSE,FALSE,FALSE,FALSE,FALSE,FALSE,TRUE,FALSE,TRUE,FALSE,FALSE,FALSE,FALSE,TRUE,FALSE,9/20/2026 20:25,9/20/2026 16:25,9/20/2026 15:25,FALSE,Levi's® Stadium,2555,10,7,3,TRUE,FALSE,FALSE,2,2,1,1,1.2,0
2,"Sunday, September 20, 2026",8:20 PM,Indianapolis Colts,IND,Kansas City Chiefs,KC,Kansas City,Missouri,,turf,grass,FALSE,TRUE,FALSE,FALSE,FALSE,TRUE,FALSE,FALSE,FALSE,FALSE,FALSE,FALSE,FALSE,FALSE,FALSE,FALSE,FALSE,FALSE,FALSE,9/21/2026 0:20,9/20/2026 20:20,9/20/2026 19:20,FALSE,GEHA Field at Arrowhead Stadium,447,6,7,-1,FALSE,FALSE,FALSE,1,1,2,2,1,0
2,"Monday, September 21, 2026",8:15 PM,New York Giants,NYG,Los Angeles Rams,LAR,Los Angeles,California,,turf,turf,TRUE,FALSE,FALSE,FALSE,FALSE,FALSE,TRUE,FALSE,FALSE,FALSE,FALSE,FALSE,TRUE,FALSE,FALSE,FALSE,FALSE,TRUE,FALSE,9/22/2026 0:15,9/21/2026 20:15,9/21/2026 19:15,FALSE,SoFi Stadium,2449,11,8,3,TRUE,FALSE,FALSE,1,1,2,2,1,0.2
3,"Thursday, September 24, 2026",8:15 PM,Atlanta Falcons,ATL,Green Bay Packers,GB,Green Bay,Wisconsin,,grass,grass,TRUE,FALSE,FALSE,FALSE,TRUE,FALSE,FALSE,FALSE,FALSE,FALSE,FALSE,FALSE,FALSE,FALSE,FALSE,FALSE,FALSE,FALSE,FALSE,9/25/2026 0:15,9/24/2026 20:15,9/24/2026 19:15,FALSE,Lambeau Field,768,4,4,0,FALSE,FALSE,FALSE,1,2,1,1,0.4,0.2
3,"Sunday, September 27, 2026",1:00 PM,Los Angeles Chargers,LAC,Buffalo Bills,BUF,Buffalo,New York,,turf,turf,TRUE,FALSE,FALSE,FALSE,FALSE,FALSE,FALSE,FALSE,FALSE,FALSE,FALSE,FALSE,TRUE,FALSE,FALSE,FALSE,FALSE,TRUE,FALSE,9/27/2026 17:00,9/27/2026 13:00,9/27/2026 12:00,FALSE,Highmark Stadium,2206,10,7,3,TRUE,FALSE,FALSE,1,1,2,2,0.6,0.2
3,"Sunday, September 27, 2026",1:00 PM,Carolina Panthers,CAR,Cleveland Browns,CLE,Cleveland,Ohio,,grass,turf,FALSE,TRUE,FALSE,TRUE,FALSE,FALSE,FALSE,FALSE,FALSE,FALSE,TRUE,FALSE,FALSE,FALSE,FALSE,FALSE,FALSE,FALSE,FALSE,9/27/2026 17:00,9/27/2026 13:00,9/27/2026 12:00,FALSE,Huntington Bank Field,436,7,7,0,FALSE,FALSE,FALSE,2,2,1,1,0.6,0
3,"Sunday, September 27, 2026",1:00 PM,New York Jets,NYJ,Detroit Lions,DET,Detroit,Michigan,,turf,turf,TRUE,FALSE,FALSE,TRUE,FALSE,FALSE,FALSE,FALSE,FALSE,FALSE,FALSE,FALSE,FALSE,FALSE,FALSE,FALSE,FALSE,TRUE,FALSE,9/27/2026 17:00,9/27/2026 13:00,9/27/2026 12:00,FALSE,Ford Field,475,10,7,3,TRUE,FALSE,FALSE,1,2,1,2,0.6,0.2
3,"Sunday, September 27, 2026",1:00 PM,Houston Texans,HOU,Indianapolis Colts,IND,Indianapolis,Indiana,,grass,turf,FALSE,TRUE,TRUE,FALSE,FALSE,FALSE,FALSE,FALSE,FALSE,FALSE,FALSE,FALSE,FALSE,FALSE,FALSE,FALSE,FALSE,FALSE,FALSE,9/27/2026 17:00,9/27/2026 13:00,9/27/2026 12:00,FALSE,Lucas Oil Stadium,871,7,7,0,FALSE,FALSE,FALSE,1,1,1,2,0.2,0.2
3,"Sunday, September 27, 2026",1:00 PM,New England Patriots,NE,Jacksonville Jaguars,JAX,Jacksonville,Florida,,turf,grass,FALSE,TRUE,FALSE,FALSE,FALSE,FALSE,FALSE,FALSE,FALSE,FALSE,FALSE,FALSE,FALSE,FALSE,FALSE,FALSE,FALSE,FALSE,FALSE,9/27/2026 17:00,9/27/2026 13:00,9/27/2026 12:00,FALSE,EverBank Stadium,996,7,7,0,FALSE,FALSE,FALSE,1,2,1,2,0.6,0
3,"Sunday, September 27, 2026",1:00 PM,Kansas City Chiefs,KC,Miami Dolphins,MIA,Miami,Florida,,grass,turf,FALSE,TRUE,FALSE,FALSE,FALSE,FALSE,FALSE,FALSE,FALSE,FALSE,FALSE,FALSE,FALSE,FALSE,FALSE,FALSE,FALSE,FALSE,FALSE,9/27/2026 17:00,9/27/2026 13:00,9/27/2026 12:00,FALSE,Hard Rock Stadium,1225,7,7,0,FALSE,FALSE,FALSE,1,1,1,1,0.2,0
3,"Sunday, September 27, 2026",1:00 PM,Tennessee Titans,TEN,New York Giants,NYG,Newark,New Jersey,,grass,turf,FALSE,TRUE,FALSE,TRUE,FALSE,FALSE,FALSE,FALSE,TRUE,FALSE,FALSE,FALSE,FALSE,FALSE,FALSE,FALSE,FALSE,FALSE,FALSE,9/27/2026 17:00,9/27/2026 13:00,9/27/2026 12:00,FALSE,MetLife Stadium,757,6,7,-1,FALSE,FALSE,FALSE,1,1,1,2,0.4,0.6
3,"Sunday, September 27, 2026",1:00 PM,Cincinnati Bengals,CIN,Pittsburgh Steelers,PIT,Pittsburgh,Pennsylvania,,turf,grass,FALSE,TRUE,TRUE,FALSE,FALSE,FALSE,FALSE,FALSE,FALSE,FALSE,TRUE,FALSE,FALSE,FALSE,FALSE,FALSE,FALSE,FALSE,FALSE,9/27/2026 17:00,9/27/2026 13:00,9/27/2026 12:00,FALSE,Acrisure Stadium,257,7,7,0,FALSE,FALSE,FALSE,2,2,1,2,0.4,0.2
3,"Sunday, September 27, 2026",1:00 PM,Seattle Seahawks,SEA,Washington Commanders,WAS,Washington D.C.,District of Columbia,,grass,turf,FALSE,TRUE,FALSE,FALSE,FALSE,FALSE,FALSE,FALSE,FALSE,FALSE,TRUE,FALSE,TRUE,FALSE,FALSE,FALSE,FALSE,FALSE,FALSE,9/27/2026 17:00,9/27/2026 13:00,9/27/2026 12:00,FALSE,Northwest Stadium,2330,7,7,0,FALSE,FALSE,FALSE,2,2,1,1,0.6,0.4
3,"Sunday, September 27, 2026",4:05 PM,Arizona Cardinals,ARI,San Francisco 49ers,SF,San Francisco,California,,turf,grass,FALSE,TRUE,TRUE,FALSE,FALSE,FALSE,FALSE,FALSE,FALSE,FALSE,FALSE,FALSE,FALSE,FALSE,FALSE,FALSE,FALSE,FALSE,FALSE,9/27/2026 20:05,9/27/2026 16:05,9/27/2026 15:05,FALSE,Levi's® Stadium,608,7,7,0,FALSE,FALSE,FALSE,1,2,2,2,0.2,0.2
3,"Sunday, September 27, 2026",4:05 PM,Minnesota Vikings,MIN,Tampa Bay Buccaneers,TB,Tampa Bay,Florida,,turf,grass,FALSE,TRUE,FALSE,FALSE,FALSE,FALSE,FALSE,FALSE,FALSE,FALSE,TRUE,FALSE,FALSE,FALSE,FALSE,FALSE,FALSE,FALSE,FALSE,9/27/2026 20:05,9/27/2026 16:05,9/27/2026 15:05,FALSE,Raymond James Stadium,1315,7,7,0,FALSE,FALSE,FALSE,2,2,2,2,0.4,0
3,"Sunday, September 27, 2026",4:25 PM,Baltimore Ravens,BAL,Dallas Cowboys,DAL,Rio de Janeiro,Brazil,"International Game: Rio de Janeiro, Brazil",turf,grass,FALSE,FALSE,FALSE,TRUE,FALSE,FALSE,FALSE,FALSE,FALSE,FALSE,FALSE,FALSE,FALSE,FALSE,FALSE,FALSE,FALSE,FALSE,FALSE,9/27/2026 20:25,9/27/2026 16:25,9/27/2026 15:25,FALSE,Maracana Stadium,4808,7,7,0,FALSE,FALSE,TRUE,1,2,2,2,0.2,0
3,"Sunday, September 27, 2026",4:25 PM,Las Vegas Raiders,LV,New Orleans Saints,NO,New Orleans,Louisiana,,turf,turf,TRUE,FALSE,FALSE,TRUE,FALSE,FALSE,FALSE,FALSE,FALSE,FALSE,TRUE,FALSE,FALSE,FALSE,FALSE,FALSE,FALSE,FALSE,FALSE,9/27/2026 20:25,9/27/2026 16:25,9/27/2026 15:25,FALSE,Caesars Superdome,1510,7,7,0,FALSE,FALSE,FALSE,2,2,1,1,0.4,0.2
3,"Sunday, September 27, 2026",8:20 PM,Los Angeles Rams,LAR,Denver Broncos,DEN,Denver,Colorado,,turf,turf,TRUE,FALSE,FALSE,TRUE,FALSE,TRUE,FALSE,TRUE,FALSE,FALSE,FALSE,FALSE,FALSE,FALSE,FALSE,FALSE,FALSE,FALSE,FALSE,9/28/2026 0:20,9/27/2026 20:20,9/27/2026 19:20,FALSE,Empower Field at Mile High,837,7,6,1,FALSE,FALSE,FALSE,1,1,2,2,1.4,0.2
3,"Monday, September 28, 2026",8:15 PM,Philadelphia Eagles,PHI,Chicago Bears,CHI,Chicago,Illinois,,turf,grass,FALSE,TRUE,FALSE,FALSE,FALSE,FALSE,TRUE,FALSE,FALSE,FALSE,TRUE,FALSE,FALSE,FALSE,FALSE,FALSE,FALSE,FALSE,FALSE,9/29/2026 0:15,9/28/2026 20:15,9/28/2026 19:15,FALSE,Soldier Field,664,8,8,0,FALSE,FALSE,FALSE,2,2,2,2,0.8,0
4,"Thursday, October 1, 2026",8:15 PM,Pittsburgh Steelers,PIT,Cleveland Browns,CLE,Cleveland,Ohio,,grass,turf,FALSE,TRUE,TRUE,FALSE,TRUE,FALSE,FALSE,FALSE,FALSE,FALSE,FALSE,FALSE,FALSE,FALSE,FALSE,FALSE,FALSE,FALSE,FALSE,10/2/2026 0:15,10/1/2026 20:15,10/1/2026 19:15,FALSE,Huntington Bank Field,114,4,4,0,FALSE,FALSE,FALSE,1,2,2,2,0.6,0.2
4,"Sunday, October 4, 2026",9:30 AM,Indianapolis Colts,IND,Washington Commanders,WAS,London,England,"International Game: London, England",turf,turf,FALSE,FALSE,FALSE,TRUE,FALSE,FALSE,FALSE,FALSE,FALSE,FALSE,FALSE,FALSE,FALSE,FALSE,FALSE,FALSE,FALSE,FALSE,FALSE,10/4/2026 13:30,10/4/2026 9:30,10/4/2026 8:30,FALSE,Tottenham Hotspur Stadium,3990,7,7,0,FALSE,FALSE,TRUE,1,2,2,2,0.2,0
4,"Sunday, October 4, 2026",1:00 PM,Tennessee Titans,TEN,Baltimore Ravens,BAL,Baltimore,Maryland,,grass,turf,FALSE,TRUE,FALSE,FALSE,FALSE,FALSE,FALSE,FALSE,FALSE,FALSE,TRUE,FALSE,FALSE,FALSE,FALSE,FALSE,FALSE,FALSE,FALSE,10/4/2026 17:00,10/4/2026 13:00,10/4/2026 12:00,FALSE,M&T Bank Stadium,594,7,7,0,FALSE,FALSE,FALSE,2,2,1,2,0.4,0
4,"Sunday, October 4, 2026",1:00 PM,New England Patriots,NE,Buffalo Bills,BUF,Buffalo,New York,,turf,turf,TRUE,FALSE,TRUE,FALSE,FALSE,FALSE,FALSE,FALSE,FALSE,FALSE,TRUE,TRUE,FALSE,FALSE,FALSE,FALSE,FALSE,FALSE,FALSE,10/4/2026 17:00,10/4/2026 13:00,10/4/2026 12:00,FALSE,Highmark Stadium,386,7,7,0,FALSE,FALSE,FALSE,2,3,3,3,0.8,0.4
4,"Sunday, October 4, 2026",1:00 PM,New York Jets,NYJ,Chicago Bears,CHI,Chicago,Illinois,,turf,grass,FALSE,TRUE,FALSE,TRUE,FALSE,FALSE,FALSE,FALSE,FALSE,FALSE,TRUE,TRUE,FALSE,FALSE,FALSE,FALSE,FALSE,FALSE,FALSE,10/4/2026 17:00,10/4/2026 13:00,10/4/2026 12:00,FALSE,Soldier Field,706,6,7,-1,FALSE,FALSE,FALSE,2,3,3,3,0.8,0
4,"Sunday, October 4, 2026",1:00 PM,Jacksonville Jaguars,JAX,Cincinnati Bengals,CIN,Cincinnati,Ohio,,grass,turf,FALSE,TRUE,FALSE,FALSE,FALSE,FALSE,FALSE,FALSE,FALSE,FALSE,FALSE,FALSE,FALSE,FALSE,FALSE,FALSE,FALSE,FALSE,FALSE,10/4/2026 17:00,10/4/2026 13:00,10/4/2026 12:00,FALSE,Paycor Stadium,628,7,7,0,FALSE,FALSE,FALSE,1,2,1,2,0.2,0
4,"Sunday, October 4, 2026",1:00 PM,Dallas Cowboys,DAL,Houston Texans,HOU,Houston,Texas,,grass,grass,TRUE,FALSE,FALSE,TRUE,FALSE,FALSE,FALSE,FALSE,FALSE,FALSE,FALSE,FALSE,FALSE,FALSE,FALSE,FALSE,FALSE,FALSE,FALSE,10/4/2026 17:00,10/4/2026 13:00,10/4/2026 12:00,FALSE,Reliant Stadium,234,7,7,0,FALSE,FALSE,FALSE,1,2,1,3,0.2,0.2
4,"Sunday, October 4, 2026",1:00 PM,Arizona Cardinals,ARI,New York Giants,NYG,Newark,New Jersey,,turf,turf,TRUE,FALSE,FALSE,FALSE,FALSE,FALSE,FALSE,FALSE,FALSE,FALSE,TRUE,TRUE,TRUE,FALSE,FALSE,FALSE,FALSE,FALSE,FALSE,10/4/2026 17:00,10/4/2026 13:00,10/4/2026 12:00,FALSE,MetLife Stadium,2144,7,7,0,FALSE,FALSE,FALSE,2,3,2,3,0.6,0.2
4,"Sunday, October 4, 2026",1:00 PM,Los Angeles Rams,LAR,Philadelphia Eagles,PHI,Philadelphia,Pennsylvania,,turf,turf,TRUE,FALSE,FALSE,FALSE,FALSE,FALSE,FALSE,FALSE,TRUE,FALSE,TRUE,FALSE,TRUE,FALSE,FALSE,FALSE,FALSE,FALSE,FALSE,10/4/2026 17:00,10/4/2026 13:00,10/4/2026 12:00,FALSE,Lincoln Financial Field,2396,6,7,-1,FALSE,FALSE,FALSE,2,2,1,2,0.4,0.8
4,"Sunday, October 4, 2026",1:00 PM,Green Bay Packers,GB,Tampa Bay Buccaneers,TB,Tampa Bay,Florida,,grass,grass,TRUE,FALSE,FALSE,FALSE,FALSE,FALSE,FALSE,FALSE,FALSE,FALSE,FALSE,TRUE,FALSE,FALSE,FALSE,FALSE,FALSE,FALSE,TRUE,10/4/2026 17:00,10/4/2026 13:00,10/4/2026 12:00,FALSE,Raymond James Stadium,1182,7,10,-3,FALSE,TRUE,FALSE,1,3,3,3,0.2,0.6
4,"Sunday, October 4, 2026",4:05 PM,Miami Dolphins,MIA,Minnesota Vikings,MIN,Minneapolis,Minnesota,,turf,turf,TRUE,FALSE,FALSE,TRUE,FALSE,FALSE,FALSE,FALSE,FALSE,FALSE,FALSE,TRUE,FALSE,FALSE,FALSE,FALSE,FALSE,FALSE,FALSE,10/4/2026 20:05,10/4/2026 16:05,10/4/2026 15:05,FALSE,U.S. Bank Stadium,1500,7,7,0,FALSE,FALSE,FALSE,1,3,1,2,0.4,0.2
4,"Sunday, October 4, 2026",4:25 PM,Kansas City Chiefs,KC,Las Vegas Raiders,LV,Las Vegas,Nevada,,grass,turf,FALSE,TRUE,TRUE,FALSE,FALSE,FALSE,FALSE,FALSE,FALSE,FALSE,TRUE,FALSE,FALSE,FALSE,FALSE,FALSE,FALSE,FALSE,FALSE,10/4/2026 20:25,10/4/2026 16:25,10/4/2026 15:25,FALSE,Allegiant Stadium,1149,7,7,0,FALSE,FALSE,FALSE,2,2,1,2,0.4,0.2
4,"Sunday, October 4, 2026",4:25 PM,Los Angeles Chargers,LAC,Seattle Seahawks,SEA,Seattle,Washington,,turf,grass,FALSE,TRUE,FALSE,TRUE,FALSE,FALSE,FALSE,FALSE,FALSE,FALSE,TRUE,FALSE,FALSE,FALSE,FALSE,FALSE,FALSE,FALSE,FALSE,10/4/2026 20:25,10/4/2026 16:25,10/4/2026 15:25,FALSE,Lumen Field,965,7,7,0,FALSE,FALSE,FALSE,2,2,1,2,1,0
4,"Sunday, October 4, 2026",4:25 PM,Denver Broncos,DEN,San Francisco 49ers,SF,San Francisco,California,,turf,grass,FALSE,TRUE,FALSE,TRUE,FALSE,FALSE,FALSE,FALSE,FALSE,FALSE,FALSE,FALSE,FALSE,FALSE,FALSE,FALSE,FALSE,FALSE,FALSE,10/4/2026 20:25,10/4/2026 16:25,10/4/2026 15:25,FALSE,Levi's® Stadium,928,7,7,0,FALSE,FALSE,FALSE,1,2,3,3,0.4,0
4,"Sunday, October 4, 2026",8:20 PM,Detroit Lions,DET,Carolina Panthers,CAR,Charlotte,North Carolina,,turf,grass,FALSE,TRUE,FALSE,FALSE,FALSE,TRUE,FALSE,FALSE,FALSE,FALSE,FALSE,FALSE,FALSE,FALSE,FALSE,FALSE,FALSE,FALSE,FALSE,10/5/2026 0:20,10/4/2026 20:20,10/4/2026 19:20,FALSE,Bank of America Stadium,505,7,7,0,FALSE,FALSE,FALSE,1,2,1,2,1,0
4,"Monday, October 5, 2026",8:15 PM,Atlanta Falcons,ATL,New Orleans Saints,NO,New Orleans,Louisiana,,grass,turf,FALSE,TRUE,TRUE,FALSE,FALSE,FALSE,TRUE,FALSE,FALSE,FALSE,TRUE,TRUE,FALSE,FALSE,FALSE,FALSE,FALSE,FALSE,TRUE,10/6/2026 0:15,10/5/2026 20:15,10/5/2026 19:15,FALSE,Caesars Superdome,424,8,11,-3,FALSE,TRUE,FALSE,2,3,2,2,1,0.6
5,"Thursday, October 8, 2026",8:15 PM,Tampa Bay Buccaneers,TB,Dallas Cowboys,DAL,Dallas,Texas,,grass,grass,TRUE,FALSE,FALSE,FALSE,TRUE,FALSE,FALSE,FALSE,FALSE,FALSE,FALSE,FALSE,FALSE,FALSE,FALSE,FALSE,FALSE,FALSE,FALSE,10/9/2026 0:15,10/8/2026 20:15,10/8/2026 19:15,FALSE,AT&T Stadium,929,4,4,0,FALSE,FALSE,FALSE,1,1,1,3,0.4,0.2
5,"Sunday, October 11, 2026",9:30 AM,Philadelphia Eagles,PHI,Jacksonville Jaguars,JAX,London,England,"International Game: London, England",turf,grass,FALSE,FALSE,FALSE,TRUE,FALSE,FALSE,FALSE,FALSE,FALSE,FALSE,FALSE,TRUE,FALSE,FALSE,FALSE,FALSE,FALSE,FALSE,FALSE,10/11/2026 13:30,10/11/2026 9:30,10/11/2026 8:30,FALSE,Tottenham Hotspur Stadium,3545,7,7,0,FALSE,FALSE,TRUE,1,3,1,2,0.4,0
5,"Sunday, October 11, 2026",1:00 PM,Cincinnati Bengals,CIN,Miami Dolphins,MIA,Miami,Florida,,turf,turf,TRUE,FALSE,FALSE,FALSE,FALSE,FALSE,FALSE,FALSE,FALSE,FALSE,FALSE,TRUE,FALSE,FALSE,FALSE,FALSE,FALSE,FALSE,FALSE,10/11/2026 17:00,10/11/2026 13:00,10/11/2026 12:00,FALSE,Hard Rock Stadium,941,7,7,0,FALSE,FALSE,FALSE,1,3,1,2,0.2,0.2
5,"Sunday, October 11, 2026",1:00 PM,Las Vegas Raiders,LV,New England Patriots,NE,Boston,Massachusetts,,turf,turf,TRUE,FALSE,FALSE,FALSE,FALSE,FALSE,FALSE,FALSE,FALSE,FALSE,FALSE,TRUE,TRUE,FALSE,FALSE,FALSE,FALSE,FALSE,FALSE,10/11/2026 17:00,10/11/2026 13:00,10/11/2026 12:00,FALSE,Gillette Stadium,2365,7,7,0,FALSE,FALSE,FALSE,1,3,1,2,0.4,0.2
5,"Sunday, October 11, 2026",1:00 PM,Minnesota Vikings,MIN,New Orleans Saints,NO,New Orleans,Louisiana,,turf,turf,TRUE,FALSE,FALSE,FALSE,FALSE,FALSE,FALSE,FALSE,FALSE,FALSE,FALSE,TRUE,FALSE,FALSE,FALSE,FALSE,FALSE,FALSE,FALSE,10/11/2026 17:00,10/11/2026 13:00,10/11/2026 12:00,FALSE,Caesars Superdome,1052,6,7,-1,FALSE,FALSE,FALSE,1,3,3,3,0.2,0.2
5,"Sunday, October 11, 2026",1:00 PM,Cleveland Browns,CLE,New York Jets,NYJ,Newark,New Jersey,,turf,turf,TRUE,FALSE,FALSE,FALSE,FALSE,FALSE,FALSE,FALSE,FALSE,FALSE,FALSE,FALSE,FALSE,FALSE,FALSE,FALSE,FALSE,FALSE,TRUE,10/11/2026 17:00,10/11/2026 13:00,10/11/2026 12:00,FALSE,MetLife Stadium,399,7,10,-3,FALSE,TRUE,FALSE,1,2,1,2,0,0.6
5,"Sunday, October 11, 2026",1:00 PM,Indianapolis Colts,IND,Pittsburgh Steelers,PIT,Pittsburgh,Pennsylvania,,turf,grass,FALSE,TRUE,FALSE,FALSE,FALSE,FALSE,FALSE,FALSE,FALSE,FALSE,TRUE,TRUE,FALSE,FALSE,FALSE,FALSE,FALSE,TRUE,FALSE,10/11/2026 17:00,10/11/2026 13:00,10/11/2026 12:00,FALSE,Acrisure Stadium,328,10,7,3,TRUE,FALSE,FALSE,2,3,1,2,1,0
5,"Sunday, October 11, 2026",1:00 PM,Houston Texans,HOU,Tennessee Titans,TEN,Nashville,Tennessee,,grass,grass,TRUE,FALSE,TRUE,FALSE,FALSE,FALSE,FALSE,FALSE,FALSE,FALSE,FALSE,FALSE,FALSE,FALSE,FALSE,FALSE,FALSE,FALSE,FALSE,10/11/2026 17:00,10/11/2026 13:00,10/11/2026 12:00,FALSE,Nissan Stadium,671,7,7,0,FALSE,FALSE,FALSE,1,2,1,2,0,0.4
5,"Sunday, October 11, 2026",1:00 PM,New York Giants,NYG,Washington Commanders,WAS,Washington D.C.,District of Columbia,,turf,turf,TRUE,FALSE,TRUE,FALSE,FALSE,FALSE,FALSE,FALSE,FALSE,FALSE,FALSE,FALSE,FALSE,FALSE,FALSE,FALSE,FALSE,FALSE,FALSE,10/11/2026 17:00,10/11/2026 13:00,10/11/2026 12:00,FALSE,Northwest Stadium,198,7,7,0,FALSE,FALSE,FALSE,1,2,3,3,0,0.4
5,"Sunday, October 11, 2026",4:05 PM,Denver Broncos,DEN,Los Angeles Chargers,LAC,Los Angeles,California,,turf,turf,TRUE,FALSE,TRUE,FALSE,FALSE,FALSE,FALSE,FALSE,FALSE,FALSE,TRUE,FALSE,FALSE,FALSE,FALSE,FALSE,FALSE,FALSE,FALSE,10/11/2026 20:05,10/11/2026 16:05,10/11/2026 15:05,FALSE,SoFi Stadium,837,7,7,0,FALSE,FALSE,FALSE,2,2,1,2,0.2,0.4
5,"Sunday, October 11, 2026",4:25 PM,Detroit Lions,DET,Arizona Cardinals,ARI,Phoenix,Arizona,,turf,turf,TRUE,FALSE,FALSE,FALSE,FALSE,FALSE,FALSE,FALSE,FALSE,FALSE,TRUE,TRUE,FALSE,FALSE,FALSE,FALSE,FALSE,FALSE,FALSE,10/11/2026 20:25,10/11/2026 16:25,10/11/2026 15:25,FALSE,State Farm Stadium,1694,7,7,0,FALSE,FALSE,FALSE,2,3,1,2,0.4,0.2
5,"Sunday, October 11, 2026",4:25 PM,Chicago Bears,CHI,Green Bay Packers,GB,Green Bay,Wisconsin,,grass,grass,TRUE,FALSE,TRUE,FALSE,FALSE,FALSE,FALSE,FALSE,FALSE,FALSE,FALSE,FALSE,FALSE,FALSE,FALSE,FALSE,FALSE,FALSE,FALSE,10/11/2026 20:25,10/11/2026 16:25,10/11/2026 15:25,FALSE,Lambeau Field,184,7,7,0,FALSE,FALSE,FALSE,1,1,1,2,0,0.4
5,"Sunday, October 11, 2026",4:25 PM,San Francisco 49ers,SF,Seattle Seahawks,SEA,Seattle,Washington,,grass,grass,TRUE,FALSE,TRUE,FALSE,FALSE,FALSE,FALSE,FALSE,FALSE,FALSE,FALSE,FALSE,FALSE,FALSE,FALSE,FALSE,FALSE,FALSE,FALSE,10/11/2026 20:25,10/11/2026 16:25,10/11/2026 15:25,FALSE,Lumen Field,704,7,7,0,FALSE,FALSE,FALSE,1,1,2,2,0,0.4
5,"Sunday, October 11, 2026",8:20 PM,Baltimore Ravens,BAL,Atlanta Falcons,ATL,Atlanta,Georgia,,turf,grass,FALSE,TRUE,FALSE,TRUE,FALSE,TRUE,FALSE,FALSE,TRUE,FALSE,FALSE,FALSE,FALSE,FALSE,FALSE,FALSE,FALSE,FALSE,FALSE,10/12/2026 0:20,10/11/2026 20:20,10/11/2026 19:20,FALSE,Mercedes-Benz Stadium,576,6,7,-1,FALSE,FALSE,FALSE,1,2,1,2,1.2,0.6
5,"Monday, October 12, 2026",8:15 PM,Buffalo Bills,BUF,Los Angeles Rams,LAR,Los Angeles,California,,turf,turf,TRUE,FALSE,FALSE,TRUE,FALSE,FALSE,TRUE,FALSE,FALSE,FALSE,FALSE,FALSE,TRUE,FALSE,FALSE,FALSE,FALSE,FALSE,FALSE,10/13/2026 0:15,10/12/2026 20:15,10/12/2026 19:15,FALSE,SoFi Stadium,2206,8,8,0,FALSE,FALSE,FALSE,1,1,1,2,0.8,0.2
6,"Thursday, October 15, 2026",8:15 PM,Seattle Seahawks,SEA,Denver Broncos,DEN,Denver,Colorado,,grass,turf,FALSE,TRUE,FALSE,TRUE,TRUE,FALSE,FALSE,FALSE,FALSE,FALSE,FALSE,FALSE,FALSE,FALSE,FALSE,FALSE,FALSE,FALSE,FALSE,10/16/2026 0:15,10/15/2026 20:15,10/15/2026 19:15,FALSE,Empower Field at Mile High,1018,4,4,0,FALSE,FALSE,FALSE,1,2,1,2,0.8,0
6,"Sunday, October 18, 2026",9:30 AM,Houston Texans,HOU,Jacksonville Jaguars,JAX,London,England,"International Game: London, England",grass,grass,FALSE,FALSE,TRUE,FALSE,FALSE,FALSE,FALSE,FALSE,FALSE,FALSE,TRUE,TRUE,FALSE,FALSE,FALSE,FALSE,FALSE,FALSE,FALSE,10/18/2026 13:30,10/18/2026 9:30,10/18/2026 8:30,FALSE,Wembley Stadium,4847,7,7,0,FALSE,FALSE,TRUE,2,3,2,3,0.4,0.2
6,"Sunday, October 18, 2026",1:00 PM,Chicago Bears,CHI,Atlanta Falcons,ATL,Atlanta,Georgia,,grass,grass,TRUE,FALSE,FALSE,FALSE,FALSE,FALSE,FALSE,FALSE,FALSE,FALSE,TRUE,FALSE,FALSE,FALSE,FALSE,FALSE,FALSE,FALSE,FALSE,10/18/2026 17:00,10/18/2026 13:00,10/18/2026 12:00,FALSE,Mercedes-Benz Stadium,587,7,7,0,FALSE,FALSE,FALSE,2,2,2,2,0.2,0.2
6,"Sunday, October 18, 2026",1:00 PM,Baltimore Ravens,BAL,Cleveland Browns,CLE,Cleveland,Ohio,,turf,turf,TRUE,FALSE,TRUE,FALSE,FALSE,FALSE,FALSE,FALSE,FALSE,FALSE,TRUE,TRUE,FALSE,FALSE,FALSE,FALSE,FALSE,FALSE,FALSE,10/18/2026 17:00,10/18/2026 13:00,10/18/2026 12:00,FALSE,Huntington Bank Field,308,7,7,0,FALSE,FALSE,FALSE,2,3,1,3,0.4,0.4
6,"Sunday, October 18, 2026",1:00 PM,Tennessee Titans,TEN,Indianapolis Colts,IND,Indianapolis,Indiana,,grass,turf,FALSE,TRUE,TRUE,FALSE,FALSE,FALSE,FALSE,FALSE,FALSE,FALSE,FALSE,TRUE,FALSE,FALSE,FALSE,FALSE,FALSE,FALSE,FALSE,10/18/2026 17:00,10/18/2026 13:00,10/18/2026 12:00,FALSE,Lucas Oil Stadium,250,7,7,0,FALSE,FALSE,FALSE,1,3,1,2,0.4,0.2
6,"Sunday, October 18, 2026",1:00 PM,New York Jets,NYJ,New England Patriots,NE,Boston,Massachusetts,,turf,turf,TRUE,FALSE,TRUE,FALSE,FALSE,FALSE,FALSE,FALSE,FALSE,FALSE,FALSE,TRUE,FALSE,FALSE,FALSE,FALSE,FALSE,FALSE,FALSE,10/18/2026 17:00,10/18/2026 13:00,10/18/2026 12:00,FALSE,Gillette Stadium,170,7,7,0,FALSE,FALSE,FALSE,1,3,2,2,0.2,0.4
6,"Sunday, October 18, 2026",1:00 PM,New Orleans Saints,NO,New York Giants,NYG,Newark,New Jersey,,turf,turf,TRUE,FALSE,FALSE,FALSE,FALSE,FALSE,FALSE,FALSE,FALSE,FALSE,FALSE,FALSE,FALSE,FALSE,FALSE,FALSE,FALSE,FALSE,FALSE,10/18/2026 17:00,10/18/2026 13:00,10/18/2026 12:00,FALSE,MetLife Stadium,1170,7,7,0,FALSE,FALSE,FALSE,1,1,1,3,0,0.2
6,"Sunday, October 18, 2026",1:00 PM,Carolina Panthers,CAR,Philadelphia Eagles,PHI,Philadelphia,Pennsylvania,,grass,turf,FALSE,TRUE,FALSE,FALSE,FALSE,FALSE,FALSE,FALSE,FALSE,FALSE,FALSE,TRUE,FALSE,FALSE,FALSE,TRUE,FALSE,FALSE,TRUE,10/18/2026 17:00,10/18/2026 13:00,10/18/2026 12:00,FALSE,Lincoln Financial Field,448,7,14,-7,FALSE,TRUE,FALSE,1,3,1,2,0.4,1
6,"Sunday, October 18, 2026",1:00 PM,Pittsburgh Steelers,PIT,Tampa Bay Buccaneers,TB,Tampa Bay,Florida,,grass,grass,TRUE,FALSE,FALSE,TRUE,FALSE,FALSE,FALSE,FALSE,FALSE,FALSE,FALSE,FALSE,FALSE,FALSE,FALSE,FALSE,FALSE,TRUE,FALSE,10/18/2026 17:00,10/18/2026 13:00,10/18/2026 12:00,FALSE,Raymond James Stadium,873,10,7,3,TRUE,FALSE,FALSE,1,2,1,3,0.6,0.2
6,"Sunday, October 18, 2026",4:05 PM,Arizona Cardinals,ARI,Los Angeles Rams,LAR,Los Angeles,California,,turf,turf,TRUE,FALSE,TRUE,FALSE,FALSE,FALSE,FALSE,FALSE,FALSE,FALSE,FALSE,TRUE,FALSE,FALSE,FALSE,FALSE,FALSE,FALSE,FALSE,10/18/2026 20:05,10/18/2026 16:05,10/18/2026 15:05,FALSE,SoFi Stadium,350,6,7,-1,FALSE,FALSE,FALSE,1,3,2,2,0.2,0.4
6,"Sunday, October 18, 2026",4:25 PM,Los Angeles Chargers,LAC,Kansas City Chiefs,KC,Kansas City,Missouri,,turf,grass,FALSE,TRUE,TRUE,FALSE,FALSE,FALSE,FALSE,FALSE,FALSE,FALSE,FALSE,TRUE,FALSE,FALSE,FALSE,FALSE,TRUE,TRUE,FALSE,10/18/2026 20:25,10/18/2026 16:25,10/18/2026 15:25,FALSE,GEHA Field at Arrowhead Stadium,1366,14,7,7,TRUE,FALSE,FALSE,1,3,1,2,1.3,0.2
6,"Sunday, October 18, 2026",4:25 PM,Buffalo Bills,BUF,Las Vegas Raiders,LV,Las Vegas,Nevada,,turf,turf,TRUE,FALSE,FALSE,FALSE,FALSE,FALSE,FALSE,FALSE,FALSE,TRUE,TRUE,FALSE,FALSE,FALSE,FALSE,FALSE,FALSE,FALSE,FALSE,10/18/2026 20:25,10/18/2026 16:25,10/18/2026 15:25,FALSE,Allegiant Stadium,1980,7,6,1,FALSE,FALSE,FALSE,2,2,1,2,1,0.2
6,"Sunday, October 18, 2026",8:20 PM,Dallas Cowboys,DAL,Green Bay Packers,GB,Green Bay,Wisconsin,,grass,grass,TRUE,FALSE,FALSE,FALSE,FALSE,TRUE,FALSE,FALSE,FALSE,FALSE,FALSE,FALSE,FALSE,FALSE,FALSE,FALSE,FALSE,FALSE,TRUE,10/19/2026 0:20,10/18/2026 20:20,10/18/2026 19:20,FALSE,Lambeau Field,946,7,10,-3,FALSE,TRUE,FALSE,1,2,2,3,0.8,0.6
6,"Monday, October 19, 2026",8:15 PM,Washington Commanders,WAS,San Francisco 49ers,SF,San Francisco,California,,turf,grass,FALSE,TRUE,FALSE,FALSE,FALSE,FALSE,TRUE,FALSE,FALSE,FALSE,FALSE,FALSE,TRUE,FALSE,FALSE,FALSE,FALSE,FALSE,FALSE,10/20/2026 0:15,10/19/2026 20:15,10/19/2026 19:15,FALSE,Levi's® Stadium,2428,8,8,0,FALSE,FALSE,FALSE,1,1,1,3,0.8,0
7,"Thursday, October 22, 2026",8:15 PM,New England Patriots,NE,Chicago Bears,CHI,Chicago,Illinois,,turf,grass,FALSE,TRUE,FALSE,TRUE,TRUE,FALSE,FALSE,FALSE,FALSE,FALSE,FALSE,FALSE,FALSE,FALSE,FALSE,FALSE,FALSE,FALSE,FALSE,10/23/2026 0:15,10/22/2026 20:15,10/22/2026 19:15,FALSE,Soldier Field,839,4,4,0,FALSE,FALSE,FALSE,1,2,1,2,0.8,0
7,"Sunday, October 25, 2026",9:30 AM,Pittsburgh Steelers,PIT,New Orleans Saints,NO,Paris,France,"International Game: Paris, France",grass,turf,FALSE,FALSE,FALSE,TRUE,FALSE,FALSE,FALSE,FALSE,FALSE,FALSE,TRUE,TRUE,FALSE,FALSE,FALSE,FALSE,FALSE,FALSE,FALSE,10/25/2026 13:30,10/25/2026 9:30,10/25/2026 8:30,FALSE,Stade de France,3887,7,7,0,FALSE,FALSE,TRUE,2,3,1,3,0.6,0
7,"Sunday, October 25, 2026",1:00 PM,San Francisco 49ers,SF,Atlanta Falcons,ATL,Atlanta,Georgia,,grass,grass,TRUE,FALSE,FALSE,FALSE,FALSE,FALSE,FALSE,TRUE,FALSE,FALSE,FALSE,FALSE,TRUE,FALSE,FALSE,FALSE,FALSE,FALSE,FALSE,10/25/2026 17:00,10/25/2026 13:00,10/25/2026 12:00,FALSE,Mercedes-Benz Stadium,2112,7,6,1,FALSE,FALSE,FALSE,1,2,3,3,0.6,0.2
7,"Sunday, October 25, 2026",1:00 PM,Cincinnati Bengals,CIN,Baltimore Ravens,BAL,Baltimore,Maryland,,turf,turf,TRUE,FALSE,TRUE,FALSE,FALSE,FALSE,FALSE,FALSE,FALSE,FALSE,TRUE,TRUE,FALSE,FALSE,FALSE,TRUE,FALSE,FALSE,TRUE,10/25/2026 17:00,10/25/2026 13:00,10/25/2026 12:00,FALSE,M&T Bank Stadium,423,7,14,-7,FALSE,TRUE,FALSE,2,3,1,2,0.4,1.4
7,"Sunday, October 25, 2026",1:00 PM,Tampa Bay Buccaneers,TB,Carolina Panthers,CAR,Charlotte,North Carolina,,grass,grass,TRUE,FALSE,TRUE,FALSE,FALSE,FALSE,FALSE,FALSE,FALSE,FALSE,FALSE,FALSE,FALSE,FALSE,FALSE,FALSE,FALSE,FALSE,FALSE,10/25/2026 17:00,10/25/2026 13:00,10/25/2026 12:00,FALSE,Bank of America Stadium,510,7,7,0,FALSE,FALSE,FALSE,1,2,1,2,0,0.4
7,"Sunday, October 25, 2026",1:00 PM,New York Giants,NYG,Houston Texans,HOU,Houston,Texas,,turf,grass,FALSE,TRUE,FALSE,TRUE,FALSE,FALSE,FALSE,FALSE,FALSE,FALSE,FALSE,FALSE,FALSE,FALSE,FALSE,FALSE,FALSE,FALSE,FALSE,10/25/2026 17:00,10/25/2026 13:00,10/25/2026 12:00,FALSE,Reliant Stadium,1423,7,7,0,FALSE,FALSE,FALSE,1,2,1,2,0.4,0
7,"Sunday, October 25, 2026",1:00 PM,Indianapolis Colts,IND,Minnesota Vikings,MIN,Minneapolis,Minnesota,,turf,turf,TRUE,FALSE,FALSE,TRUE,FALSE,FALSE,FALSE,FALSE,FALSE,FALSE,FALSE,TRUE,FALSE,FALSE,FALSE,FALSE,TRUE,TRUE,FALSE,10/25/2026 17:00,10/25/2026 13:00,10/25/2026 12:00,FALSE,U.S. Bank Stadium,510,14,7,7,TRUE,FALSE,FALSE,1,3,1,2,1.3,0.2
7,"Sunday, October 25, 2026",1:00 PM,Miami Dolphins,MIA,New York Jets,NYJ,Newark,New Jersey,,turf,turf,TRUE,FALSE,TRUE,FALSE,FALSE,FALSE,FALSE,FALSE,FALSE,FALSE,FALSE,FALSE,FALSE,FALSE,FALSE,TRUE,FALSE,FALSE,TRUE,10/25/2026 17:00,10/25/2026 13:00,10/25/2026 12:00,FALSE,MetLife Stadium,1086,7,14,-7,FALSE,TRUE,FALSE,1,2,1,2,0,1.4
7,"Sunday, October 25, 2026",1:00 PM,Cleveland Browns,CLE,Tennessee Titans,TEN,Nashville,Tennessee,,turf,grass,FALSE,TRUE,FALSE,FALSE,FALSE,FALSE,FALSE,FALSE,FALSE,FALSE,FALSE,FALSE,FALSE,FALSE,FALSE,FALSE,FALSE,FALSE,FALSE,10/25/2026 17:00,10/25/2026 13:00,10/25/2026 12:00,FALSE,Nissan Stadium,459,7,7,0,FALSE,FALSE,FALSE,1,2,1,2,0.2,0
7,"Sunday, October 25, 2026",4:05 PM,Denver Broncos,DEN,Arizona Cardinals,ARI,Phoenix,Arizona,,turf,turf,TRUE,FALSE,FALSE,TRUE,FALSE,FALSE,FALSE,FALSE,FALSE,FALSE,FALSE,TRUE,FALSE,FALSE,FALSE,FALSE,FALSE,FALSE,TRUE,10/25/2026 20:05,10/25/2026 16:05,10/25/2026 15:05,FALSE,State Farm Stadium,588,7,10,-3,FALSE,TRUE,FALSE,1,3,1,2,0.4,0.6
7,"Sunday, October 25, 2026",4:25 PM,Green Bay Packers,GB,Detroit Lions,DET,Detroit,Michigan,,grass,turf,FALSE,TRUE,TRUE,FALSE,FALSE,FALSE,FALSE,FALSE,FALSE,FALSE,FALSE,FALSE,FALSE,FALSE,FALSE,FALSE,TRUE,TRUE,FALSE,10/25/2026 20:25,10/25/2026 16:25,10/25/2026 15:25,FALSE,Ford Field,293,14,7,7,TRUE,FALSE,FALSE,1,2,1,2,1.1,0.2
7,"Sunday, October 25, 2026",4:25 PM,Los Angeles Rams,LAR,Las Vegas Raiders,LV,Las Vegas,Nevada,,turf,turf,TRUE,FALSE,FALSE,TRUE,FALSE,FALSE,FALSE,FALSE,FALSE,FALSE,FALSE,FALSE,FALSE,FALSE,FALSE,FALSE,FALSE,FALSE,FALSE,10/25/2026 20:25,10/25/2026 16:25,10/25/2026 15:25,FALSE,Allegiant Stadium,232,7,7,0,FALSE,FALSE,FALSE,1,2,2,3,0.2,0.2
7,"Sunday, October 25, 2026",8:20 PM,Kansas City Chiefs,KC,Seattle Seahawks,SEA,Seattle,Washington,,grass,grass,TRUE,FALSE,FALSE,TRUE,FALSE,TRUE,FALSE,FALSE,FALSE,FALSE,FALSE,TRUE,FALSE,FALSE,FALSE,FALSE,FALSE,TRUE,FALSE,10/26/2026 0:20,10/25/2026 20:20,10/25/2026 19:20,FALSE,Lumen Field,1509,10,7,3,TRUE,FALSE,FALSE,1,3,1,3,1.6,0.2
7,"Monday, October 26, 2026",8:15 PM,Dallas Cowboys,DAL,Philadelphia Eagles,PHI,Philadelphia,Pennsylvania,,grass,turf,FALSE,TRUE,TRUE,FALSE,FALSE,FALSE,TRUE,FALSE,FALSE,FALSE,TRUE,TRUE,FALSE,FALSE,FALSE,FALSE,FALSE,FALSE,FALSE,10/27/2026 0:15,10/26/2026 20:15,10/26/2026 19:15,FALSE,Lincoln Financial Field,1313,8,8,0,FALSE,FALSE,FALSE,2,3,2,3,1,0.2
8,"Thursday, October 29, 2026",8:15 PM,Carolina Panthers,CAR,Green Bay Packers,GB,Green Bay,Wisconsin,,grass,grass,TRUE,FALSE,FALSE,FALSE,TRUE,FALSE,FALSE,FALSE,FALSE,FALSE,FALSE,FALSE,FALSE,FALSE,FALSE,FALSE,FALSE,FALSE,FALSE,10/30/2026 0:15,10/29/2026 20:15,10/29/2026 19:15,FALSE,Lambeau Field,746,4,4,0,FALSE,FALSE,FALSE,1,2,1,3,0.4,0.2
8,"Sunday, November 1, 2026",1:00 PM,Baltimore Ravens,BAL,Buffalo Bills,BUF,Buffalo,New York,,turf,turf,TRUE,FALSE,FALSE,FALSE,FALSE,FALSE,FALSE,FALSE,FALSE,FALSE,FALSE,TRUE,FALSE,FALSE,FALSE,FALSE,TRUE,TRUE,FALSE,11/1/2026 18:00,11/1/2026 13:00,11/1/2026 12:00,FALSE,Highmark Stadium,267,14,7,7,TRUE,FALSE,FALSE,1,3,1,2,1.1,0.2
8,"Sunday, November 1, 2026",1:00 PM,Tennessee Titans,TEN,Cincinnati Bengals,CIN,Cincinnati,Ohio,,grass,turf,FALSE,TRUE,FALSE,FALSE,FALSE,FALSE,FALSE,FALSE,FALSE,FALSE,FALSE,FALSE,FALSE,FALSE,FALSE,FALSE,FALSE,FALSE,FALSE,11/1/2026 18:00,11/1/2026 13:00,11/1/2026 12:00,FALSE,Paycor Stadium,237,7,7,0,FALSE,FALSE,FALSE,1,2,1,2,0.2,0
8,"Sunday, November 1, 2026",1:00 PM,Arizona Cardinals,ARI,Dallas Cowboys,DAL,Dallas,Texas,,turf,grass,FALSE,TRUE,FALSE,FALSE,FALSE,FALSE,FALSE,FALSE,TRUE,FALSE,FALSE,FALSE,FALSE,FALSE,FALSE,FALSE,FALSE,FALSE,FALSE,11/1/2026 18:00,11/1/2026 13:00,11/1/2026 12:00,FALSE,AT&T Stadium,878,6,7,-1,FALSE,FALSE,FALSE,1,2,1,2,0.2,0.6
8,"Sunday, November 1, 2026",1:00 PM,Minnesota Vikings,MIN,Detroit Lions,DET,Detroit,Michigan,,turf,turf,TRUE,FALSE,TRUE,FALSE,FALSE,FALSE,FALSE,FALSE,FALSE,FALSE,FALSE,FALSE,FALSE,FALSE,FALSE,FALSE,FALSE,FALSE,FALSE,11/1/2026 18:00,11/1/2026 13:00,11/1/2026 12:00,FALSE,Ford Field,541,7,7,0,FALSE,FALSE,FALSE,1,2,2,2,0,0.4
8,"Sunday, November 1, 2026",1:00 PM,Indianapolis Colts,IND,Jacksonville Jaguars,JAX,Jacksonville,Florida,,turf,grass,FALSE,TRUE,TRUE,FALSE,FALSE,FALSE,FALSE,FALSE,FALSE,FALSE,TRUE,TRUE,FALSE,FALSE,FALSE,FALSE,TRUE,TRUE,FALSE,11/1/2026 18:00,11/1/2026 13:00,11/1/2026 12:00,FALSE,EverBank Stadium,700,14,7,7,TRUE,FALSE,FALSE,2,3,3,3,1.5,0.2
8,"Sunday, November 1, 2026",1:00 PM,Las Vegas Raiders,LV,New York Jets,NYJ,Newark,New Jersey,,turf,turf,TRUE,FALSE,FALSE,FALSE,FALSE,FALSE,FALSE,FALSE,FALSE,FALSE,FALSE,FALSE,TRUE,FALSE,FALSE,FALSE,FALSE,FALSE,FALSE,11/1/2026 18:00,11/1/2026 13:00,11/1/2026 12:00,FALSE,MetLife Stadium,2228,7,7,0,FALSE,FALSE,FALSE,1,2,2,3,0.2,0.2
8,"Sunday, November 1, 2026",1:00 PM,Cleveland Browns,CLE,Pittsburgh Steelers,PIT,Pittsburgh,Pennsylvania,,turf,grass,FALSE,TRUE,TRUE,FALSE,FALSE,FALSE,FALSE,FALSE,FALSE,FALSE,TRUE,TRUE,FALSE,FALSE,FALSE,FALSE,FALSE,FALSE,FALSE,11/1/2026 18:00,11/1/2026 13:00,11/1/2026 12:00,FALSE,Acrisure Stadium,114,7,7,0,FALSE,FALSE,FALSE,2,3,1,2,0.6,0.2
8,"Sunday, November 1, 2026",1:00 PM,Atlanta Falcons,ATL,Tampa Bay Buccaneers,TB,Tampa Bay,Florida,,grass,grass,TRUE,FALSE,TRUE,FALSE,FALSE,FALSE,FALSE,FALSE,FALSE,FALSE,FALSE,FALSE,FALSE,FALSE,FALSE,FALSE,FALSE,FALSE,FALSE,11/1/2026 18:00,11/1/2026 13:00,11/1/2026 12:00,FALSE,Raymond James Stadium,415,7,7,0,FALSE,FALSE,FALSE,1,1,1,2,0,0.4
8,"Sunday, November 1, 2026",4:05 PM,Los Angeles Chargers,LAC,Los Angeles Rams,LAR,Los Angeles,California,,turf,turf,TRUE,FALSE,FALSE,TRUE,FALSE,FALSE,FALSE,FALSE,FALSE,FALSE,TRUE,TRUE,FALSE,FALSE,FALSE,TRUE,FALSE,FALSE,TRUE,11/1/2026 21:05,11/1/2026 16:05,11/1/2026 15:05,FALSE,SoFi Stadium,0,7,14,-7,FALSE,TRUE,FALSE,2,3,1,3,0.6,1.2
8,"Sunday, November 1, 2026",4:25 PM,Kansas City Chiefs,KC,Denver Broncos,DEN,Denver,Colorado,,grass,turf,FALSE,TRUE,TRUE,FALSE,FALSE,FALSE,FALSE,FALSE,FALSE,FALSE,TRUE,TRUE,FALSE,FALSE,FALSE,FALSE,FALSE,FALSE,FALSE,11/1/2026 21:25,11/1/2026 16:25,11/1/2026 15:25,FALSE,Empower Field at Mile High,564,7,7,0,FALSE,FALSE,FALSE,2,3,1,2,0.6,0.2
8,"Sunday, November 1, 2026",4:25 PM,New England Patriots,NE,Miami Dolphins,MIA,Miami,Florida,,turf,turf,TRUE,FALSE,TRUE,FALSE,FALSE,FALSE,FALSE,FALSE,FALSE,FALSE,TRUE,FALSE,FALSE,FALSE,FALSE,FALSE,FALSE,FALSE,TRUE,11/1/2026 21:25,11/1/2026 16:25,11/1/2026 15:25,FALSE,Hard Rock Stadium,1226,7,10,-3,FALSE,TRUE,FALSE,2,2,1,2,0.2,0.8
8,"Sunday, November 1, 2026",8:20 PM,Philadelphia Eagles,PHI,Washington Commanders,WAS,Washington D.C.,District of Columbia,,turf,turf,TRUE,FALSE,TRUE,FALSE,FALSE,TRUE,FALSE,TRUE,FALSE,FALSE,FALSE,FALSE,FALSE,FALSE,FALSE,FALSE,TRUE,TRUE,FALSE,11/2/2026 1:20,11/1/2026 20:20,11/1/2026 19:20,FALSE,Northwest Stadium,114,13,6,7,TRUE,FALSE,FALSE,1,2,1,3,2.1,0.4
8,"Monday, November 2, 2026",8:15 PM,Chicago Bears,CHI,Seattle Seahawks,SEA,Seattle,Washington,,grass,grass,TRUE,FALSE,FALSE,FALSE,FALSE,FALSE,TRUE,FALSE,FALSE,FALSE,FALSE,TRUE,FALSE,FALSE,FALSE,FALSE,FALSE,FALSE,TRUE,11/3/2026 1:15,11/2/2026 20:15,11/2/2026 19:15,FALSE,Lumen Field,1734,8,11,-3,FALSE,TRUE,FALSE,1,3,2,3,0.6,0.6
9,"Thursday, November 5, 2026",8:15 PM,Jacksonville Jaguars,JAX,Baltimore Ravens,BAL,Baltimore,Maryland,,grass,turf,FALSE,TRUE,FALSE,FALSE,TRUE,FALSE,FALSE,FALSE,FALSE,FALSE,FALSE,FALSE,FALSE,FALSE,FALSE,FALSE,FALSE,FALSE,FALSE,11/6/2026 1:15,11/5/2026 20:15,11/5/2026 19:15,FALSE,M&T Bank Stadium,681,4,4,0,FALSE,FALSE,FALSE,1,1,1,2,0.6,0
9,"Sunday, November 8, 2026",9:30 AM,Cincinnati Bengals,CIN,Atlanta Falcons,ATL,Madrid,Spain,"International Game: Madrid, Spain",turf,grass,FALSE,FALSE,FALSE,TRUE,FALSE,FALSE,FALSE,FALSE,FALSE,FALSE,FALSE,TRUE,FALSE,FALSE,FALSE,FALSE,FALSE,FALSE,FALSE,11/8/2026 14:30,11/8/2026 9:30,11/8/2026 8:30,FALSE,Bernabeu,4131,7,7,0,FALSE,FALSE,TRUE,1,3,1,3,0.4,0
9,"Sunday, November 8, 2026",1:00 PM,Denver Broncos,DEN,Carolina Panthers,CAR,Charlotte,North Carolina,,turf,grass,FALSE,TRUE,FALSE,TRUE,FALSE,FALSE,FALSE,FALSE,FALSE,FALSE,FALSE,FALSE,FALSE,FALSE,FALSE,FALSE,FALSE,TRUE,FALSE,11/8/2026 18:00,11/8/2026 13:00,11/8/2026 12:00,FALSE,Bank of America Stadium,1357,10,7,3,TRUE,FALSE,FALSE,1,2,1,2,0.8,0
9,"Sunday, November 8, 2026",1:00 PM,Dallas Cowboys,DAL,Indianapolis Colts,IND,Indianapolis,Indiana,,grass,turf,FALSE,TRUE,FALSE,TRUE,FALSE,FALSE,FALSE,FALSE,FALSE,FALSE,FALSE,TRUE,FALSE,FALSE,FALSE,FALSE,FALSE,FALSE,FALSE,11/8/2026 18:00,11/8/2026 13:00,11/8/2026 12:00,FALSE,Lucas Oil Stadium,777,7,7,0,FALSE,FALSE,FALSE,1,3,1,2,0.6,0
9,"Sunday, November 8, 2026",1:00 PM,New York Jets,NYJ,Kansas City Chiefs,KC,Kansas City,Missouri,,turf,grass,FALSE,TRUE,FALSE,FALSE,FALSE,FALSE,FALSE,FALSE,FALSE,FALSE,FALSE,FALSE,FALSE,FALSE,FALSE,FALSE,FALSE,FALSE,FALSE,11/8/2026 18:00,11/8/2026 13:00,11/8/2026 12:00,FALSE,GEHA Field at Arrowhead Stadium,1086,7,7,0,FALSE,FALSE,FALSE,1,2,1,2,0.2,0
9,"Sunday, November 8, 2026",1:00 PM,Detroit Lions,DET,Miami Dolphins,MIA,Miami,Florida,,turf,turf,TRUE,FALSE,FALSE,TRUE,FALSE,FALSE,FALSE,FALSE,FALSE,FALSE,FALSE,FALSE,FALSE,FALSE,FALSE,FALSE,FALSE,FALSE,FALSE,11/8/2026 18:00,11/8/2026 13:00,11/8/2026 12:00,FALSE,Hard Rock Stadium,1143,7,7,0,FALSE,FALSE,FALSE,1,2,2,3,0.2,0.2
9,"Sunday, November 8, 2026",1:00 PM,Cleveland Browns,CLE,New Orleans Saints,NO,New Orleans,Louisiana,,turf,turf,TRUE,FALSE,FALSE,TRUE,FALSE,FALSE,FALSE,FALSE,FALSE,FALSE,TRUE,TRUE,FALSE,FALSE,FALSE,FALSE,TRUE,TRUE,FALSE,11/8/2026 18:00,11/8/2026 13:00,11/8/2026 12:00,FALSE,Caesars Superdome,925,14,7,7,TRUE,FALSE,FALSE,3,3,2,3,1.5,0.2
9,"Sunday, November 8, 2026",1:00 PM,New York Giants,NYG,Philadelphia Eagles,PHI,Philadelphia,Pennsylvania,,turf,turf,TRUE,FALSE,TRUE,FALSE,FALSE,FALSE,FALSE,FALSE,FALSE,FALSE,TRUE,TRUE,FALSE,FALSE,FALSE,TRUE,FALSE,FALSE,TRUE,11/8/2026 18:00,11/8/2026 13:00,11/8/2026 12:00,FALSE,Lincoln Financial Field,85,7,14,-7,FALSE,TRUE,FALSE,2,3,1,3,0.4,1.4
9,"Sunday, November 8, 2026",1:00 PM,Los Angeles Rams,LAR,Washington Commanders,WAS,Washington D.C.,District of Columbia,,turf,turf,TRUE,FALSE,FALSE,FALSE,FALSE,FALSE,FALSE,FALSE,FALSE,FALSE,FALSE,FALSE,TRUE,FALSE,FALSE,FALSE,FALSE,FALSE,FALSE,11/8/2026 18:00,11/8/2026 13:00,11/8/2026 12:00,FALSE,Northwest Stadium,2311,7,7,0,FALSE,FALSE,FALSE,1,2,2,3,0.2,0.2
9,"Sunday, November 8, 2026",4:05 PM,Houston Texans,HOU,Los Angeles Chargers,LAC,Los Angeles,California,,grass,turf,FALSE,TRUE,FALSE,FALSE,FALSE,FALSE,FALSE,FALSE,FALSE,FALSE,FALSE,TRUE,FALSE,FALSE,FALSE,TRUE,FALSE,FALSE,TRUE,11/8/2026 21:05,11/8/2026 16:05,11/8/2026 15:05,FALSE,SoFi Stadium,1375,7,14,-7,FALSE,TRUE,FALSE,1,3,1,2,0.4,1
9,"Sunday, November 8, 2026",4:05 PM,Las Vegas Raiders,LV,San Francisco 49ers,SF,San Francisco,California,,turf,grass,FALSE,TRUE,FALSE,TRUE,FALSE,FALSE,FALSE,FALSE,FALSE,FALSE,TRUE,FALSE,FALSE,FALSE,FALSE,FALSE,TRUE,TRUE,FALSE,11/8/2026 21:05,11/8/2026 16:05,11/8/2026 15:05,FALSE,Levi's® Stadium,386,14,7,7,TRUE,FALSE,FALSE,2,2,1,2,1.5,0
9,"Sunday, November 8, 2026",4:25 PM,Green Bay Packers,GB,New England Patriots,NE,Boston,Massachusetts,,grass,turf,FALSE,TRUE,FALSE,TRUE,FALSE,FALSE,FALSE,FALSE,FALSE,FALSE,FALSE,FALSE,FALSE,FALSE,FALSE,FALSE,FALSE,FALSE,TRUE,11/8/2026 21:25,11/8/2026 16:25,11/8/2026 15:25,FALSE,Gillette Stadium,859,7,10,-3,FALSE,TRUE,FALSE,1,2,1,2,0.4,0.4
9,"Sunday, November 8, 2026",4:25 PM,Arizona Cardinals,ARI,Seattle Seahawks,SEA,Seattle,Washington,,turf,grass,FALSE,TRUE,TRUE,FALSE,FALSE,FALSE,FALSE,FALSE,FALSE,FALSE,TRUE,TRUE,FALSE,FALSE,FALSE,FALSE,FALSE,FALSE,FALSE,11/8/2026 21:25,11/8/2026 16:25,11/8/2026 15:25,FALSE,Lumen Field,1104,6,7,-1,FALSE,FALSE,FALSE,2,3,3,3,0.6,0.2
9,"Sunday, November 8, 2026",8:20 PM,Tampa Bay Buccaneers,TB,Chicago Bears,CHI,Chicago,Illinois,,grass,grass,TRUE,FALSE,FALSE,FALSE,FALSE,TRUE,FALSE,FALSE,TRUE,FALSE,FALSE,FALSE,FALSE,FALSE,FALSE,FALSE,FALSE,FALSE,FALSE,11/9/2026 1:20,11/8/2026 20:20,11/8/2026 19:20,FALSE,Soldier Field,1002,6,7,-1,FALSE,FALSE,FALSE,1,2,1,2,0.8,0.8
9,"Monday, November 9, 2026",8:15 PM,Buffalo Bills,BUF,Minnesota Vikings,MIN,Minneapolis,Minnesota,,turf,turf,TRUE,FALSE,FALSE,TRUE,FALSE,FALSE,TRUE,FALSE,FALSE,FALSE,FALSE,TRUE,FALSE,FALSE,FALSE,FALSE,FALSE,FALSE,FALSE,11/10/2026 1:15,11/9/2026 20:15,11/9/2026 19:15,FALSE,U.S. Bank Stadium,736,8,8,0,FALSE,FALSE,FALSE,1,3,1,2,0.8,0.2
10,"Thursday, November 12, 2026",8:15 PM,Washington Commanders,WAS,New York Giants,NYG,Newark,New Jersey,,turf,turf,TRUE,FALSE,TRUE,FALSE,TRUE,FALSE,FALSE,FALSE,FALSE,FALSE,FALSE,FALSE,FALSE,FALSE,FALSE,FALSE,FALSE,FALSE,FALSE,11/13/2026 1:15,11/12/2026 20:15,11/12/2026 19:15,FALSE,MetLife Stadium,198,4,4,0,FALSE,FALSE,FALSE,1,2,1,2,0.4,0.4
10,"Sunday, November 15, 2026",9:30 AM,New England Patriots,NE,Detroit Lions,DET,Munich,Germany,"International Game: Munich, Germany",turf,turf,FALSE,FALSE,FALSE,TRUE,FALSE,FALSE,FALSE,FALSE,FALSE,FALSE,FALSE,TRUE,FALSE,FALSE,FALSE,FALSE,FALSE,FALSE,FALSE,11/15/2026 14:30,11/15/2026 9:30,11/15/2026 8:30,FALSE,FC Bayern Munich Stadium,3860,7,7,0,FALSE,FALSE,TRUE,1,3,1,3,0.4,0
10,"Sunday, November 15, 2026",1:00 PM,Kansas City Chiefs,KC,Atlanta Falcons,ATL,Atlanta,Georgia,,grass,grass,TRUE,FALSE,FALSE,TRUE,FALSE,FALSE,FALSE,FALSE,FALSE,FALSE,FALSE,TRUE,FALSE,FALSE,FALSE,FALSE,FALSE,FALSE,FALSE,11/15/2026 18:00,11/15/2026 13:00,11/15/2026 12:00,FALSE,Mercedes-Benz Stadium,669,7,7,0,FALSE,FALSE,FALSE,1,3,2,3,0.4,0.2
10,"Sunday, November 15, 2026",1:00 PM,Houston Texans,HOU,Cleveland Browns,CLE,Cleveland,Ohio,,grass,turf,FALSE,TRUE,FALSE,FALSE,FALSE,FALSE,FALSE,FALSE,FALSE,FALSE,TRUE,TRUE,FALSE,FALSE,FALSE,FALSE,FALSE,FALSE,FALSE,11/15/2026 18:00,11/15/2026 13:00,11/15/2026 12:00,FALSE,Huntington Bank Field,1120,7,7,0,FALSE,FALSE,FALSE,2,3,1,1,0.6,0
10,"Sunday, November 15, 2026",1:00 PM,Minnesota Vikings,MIN,Green Bay Packers,GB,Green Bay,Wisconsin,,turf,grass,FALSE,TRUE,TRUE,FALSE,FALSE,FALSE,FALSE,TRUE,FALSE,FALSE,FALSE,FALSE,FALSE,FALSE,FALSE,FALSE,FALSE,FALSE,FALSE,11/15/2026 18:00,11/15/2026 13:00,11/15/2026 12:00,FALSE,Lambeau Field,257,7,6,1,FALSE,FALSE,FALSE,1,2,1,2,0.6,0.2
10,"Sunday, November 15, 2026",1:00 PM,Miami Dolphins,MIA,Indianapolis Colts,IND,Indianapolis,Indiana,,turf,turf,TRUE,FALSE,FALSE,FALSE,FALSE,FALSE,FALSE,FALSE,FALSE,FALSE,FALSE,FALSE,FALSE,FALSE,FALSE,FALSE,FALSE,FALSE,FALSE,11/15/2026 18:00,11/15/2026 13:00,11/15/2026 12:00,FALSE,Lucas Oil Stadium,1013,7,7,0,FALSE,FALSE,FALSE,1,2,2,2,0,0.2
10,"Sunday, November 15, 2026",1:00 PM,Carolina Panthers,CAR,New Orleans Saints,NO,New Orleans,Louisiana,,grass,turf,FALSE,TRUE,TRUE,FALSE,FALSE,FALSE,FALSE,FALSE,FALSE,FALSE,FALSE,FALSE,FALSE,FALSE,FALSE,FALSE,FALSE,FALSE,FALSE,11/15/2026 18:00,11/15/2026 13:00,11/15/2026 12:00,FALSE,Caesars Superdome,649,7,7,0,FALSE,FALSE,FALSE,1,2,3,3,0.2,0.2
10,"Sunday, November 15, 2026",1:00 PM,Buffalo Bills,BUF,New York Jets,NYJ,Newark,New Jersey,,turf,turf,TRUE,FALSE,TRUE,FALSE,FALSE,FALSE,FALSE,FALSE,FALSE,TRUE,TRUE,TRUE,FALSE,FALSE,FALSE,FALSE,FALSE,FALSE,FALSE,11/15/2026 18:00,11/15/2026 13:00,11/15/2026 12:00,FALSE,MetLife Stadium,278,7,6,1,FALSE,FALSE,FALSE,2,3,1,3,1.2,0.4
10,"Sunday, November 15, 2026",1:00 PM,Jacksonville Jaguars,JAX,Tennessee Titans,TEN,Nashville,Tennessee,,grass,grass,TRUE,FALSE,TRUE,FALSE,FALSE,FALSE,FALSE,FALSE,FALSE,FALSE,TRUE,FALSE,FALSE,FALSE,FALSE,FALSE,TRUE,TRUE,FALSE,11/15/2026 18:00,11/15/2026 13:00,11/15/2026 12:00,FALSE,Nissan Stadium,501,14,10,4,TRUE,FALSE,FALSE,2,2,1,2,1.1,0.4
10,"Sunday, November 15, 2026",4:05 PM,Los Angeles Rams,LAR,Arizona Cardinals,ARI,Phoenix,Arizona,,turf,turf,TRUE,FALSE,TRUE,FALSE,FALSE,FALSE,FALSE,FALSE,FALSE,FALSE,TRUE,TRUE,FALSE,FALSE,FALSE,FALSE,FALSE,FALSE,FALSE,11/15/2026 21:05,11/15/2026 16:05,11/15/2026 15:05,FALSE,State Farm Stadium,350,7,7,0,FALSE,FALSE,FALSE,2,3,1,2,0.4,0.4
10,"Sunday, November 15, 2026",4:05 PM,Seattle Seahawks,SEA,Las Vegas Raiders,LV,Las Vegas,Nevada,,grass,turf,FALSE,TRUE,FALSE,TRUE,FALSE,FALSE,FALSE,FALSE,FALSE,FALSE,FALSE,FALSE,FALSE,FALSE,FALSE,FALSE,FALSE,FALSE,FALSE,11/15/2026 21:05,11/15/2026 16:05,11/15/2026 15:05,FALSE,Allegiant Stadium,875,7,7,0,FALSE,FALSE,FALSE,1,1,1,2,0.4,0
10,"Sunday, November 15, 2026",4:25 PM,San Francisco 49ers,SF,Dallas Cowboys,DAL,Dallas,Texas,,grass,grass,TRUE,FALSE,FALSE,FALSE,FALSE,FALSE,FALSE,FALSE,FALSE,FALSE,FALSE,FALSE,FALSE,FALSE,FALSE,FALSE,FALSE,FALSE,FALSE,11/15/2026 21:25,11/15/2026 16:25,11/15/2026 15:25,FALSE,AT&T Stadium,1438,7,7,0,FALSE,FALSE,FALSE,1,2,1,2,0,0.2
10,"Sunday, November 15, 2026",8:20 PM,Pittsburgh Steelers,PIT,Cincinnati Bengals,CIN,Cincinnati,Ohio,,grass,turf,FALSE,TRUE,TRUE,FALSE,FALSE,TRUE,FALSE,FALSE,FALSE,FALSE,FALSE,TRUE,FALSE,FALSE,FALSE,TRUE,FALSE,FALSE,TRUE,11/16/2026 1:20,11/15/2026 20:20,11/15/2026 19:20,FALSE,Paycor Stadium,257,7,14,-7,FALSE,TRUE,FALSE,1,3,1,2,1.2,1.2
10,"Monday, November 16, 2026",8:15 PM,Los Angeles Chargers,LAC,Baltimore Ravens,BAL,Baltimore,Maryland,,turf,turf,TRUE,FALSE,FALSE,FALSE,FALSE,FALSE,TRUE,FALSE,FALSE,FALSE,FALSE,TRUE,TRUE,FALSE,FALSE,FALSE,FALSE,TRUE,FALSE,11/17/2026 1:15,11/16/2026 20:15,11/16/2026 19:15,FALSE,M&T Bank Stadium,2322,11,8,3,TRUE,FALSE,FALSE,1,3,2,3,1.2,0.2
11,"Thursday, November 19, 2026",8:15 PM,Indianapolis Colts,IND,Houston Texans,HOU,Houston,Texas,,turf,grass,FALSE,TRUE,TRUE,FALSE,TRUE,FALSE,FALSE,FALSE,FALSE,FALSE,FALSE,FALSE,FALSE,FALSE,FALSE,FALSE,FALSE,FALSE,FALSE,11/20/2026 1:15,11/19/2026 20:15,11/19/2026 19:15,FALSE,Reliant Stadium,871,4,4,0,FALSE,FALSE,FALSE,1,2,1,2,0.6,0.2
11,"Sunday, November 22, 2026",1:00 PM,Miami Dolphins,MIA,Buffalo Bills,BUF,Buffalo,New York,,turf,turf,TRUE,FALSE,TRUE,FALSE,FALSE,FALSE,FALSE,FALSE,FALSE,FALSE,TRUE,FALSE,FALSE,FALSE,FALSE,FALSE,FALSE,FALSE,FALSE,11/22/2026 18:00,11/22/2026 13:00,11/22/2026 12:00,FALSE,Highmark Stadium,1165,7,7,0,FALSE,FALSE,FALSE,2,2,1,2,0.2,0.4
11,"Sunday, November 22, 2026",1:00 PM,Baltimore Ravens,BAL,Carolina Panthers,CAR,Charlotte,North Carolina,,turf,grass,FALSE,TRUE,FALSE,TRUE,FALSE,FALSE,FALSE,TRUE,FALSE,FALSE,FALSE,FALSE,FALSE,FALSE,FALSE,FALSE,FALSE,FALSE,FALSE,11/22/2026 18:00,11/22/2026 13:00,11/22/2026 12:00,FALSE,Bank of America Stadium,364,7,6,1,FALSE,FALSE,FALSE,1,2,1,2,0.8,0
11,"Sunday, November 22, 2026",1:00 PM,New Orleans Saints,NO,Chicago Bears,CHI,Chicago,Illinois,,turf,grass,FALSE,TRUE,FALSE,FALSE,FALSE,FALSE,FALSE,FALSE,FALSE,FALSE,FALSE,FALSE,FALSE,FALSE,FALSE,FALSE,TRUE,TRUE,FALSE,11/22/2026 18:00,11/22/2026 13:00,11/22/2026 12:00,FALSE,Soldier Field,834,14,7,7,TRUE,FALSE,FALSE,1,1,2,3,1.1,0
11,"Sunday, November 22, 2026",1:00 PM,Tennessee Titans,TEN,Dallas Cowboys,DAL,Dallas,Texas,,grass,grass,TRUE,FALSE,FALSE,TRUE,FALSE,FALSE,FALSE,FALSE,FALSE,FALSE,FALSE,FALSE,FALSE,FALSE,FALSE,FALSE,FALSE,FALSE,FALSE,11/22/2026 18:00,11/22/2026 13:00,11/22/2026 12:00,FALSE,AT&T Stadium,633,7,7,0,FALSE,FALSE,FALSE,1,2,2,3,0.2,0.2
11,"Sunday, November 22, 2026",1:00 PM,Tampa Bay Buccaneers,TB,Detroit Lions,DET,Detroit,Michigan,,grass,turf,FALSE,TRUE,FALSE,FALSE,FALSE,FALSE,FALSE,FALSE,FALSE,FALSE,TRUE,TRUE,FALSE,FALSE,FALSE,TRUE,FALSE,FALSE,TRUE,11/22/2026 18:00,11/22/2026 13:00,11/22/2026 12:00,FALSE,Ford Field,993,7,14,-7,FALSE,TRUE,FALSE,2,3,2,3,0.6,1
11,"Sunday, November 22, 2026",1:00 PM,Arizona Cardinals,ARI,Kansas City Chiefs,KC,Kansas City,Missouri,,turf,grass,FALSE,TRUE,FALSE,TRUE,FALSE,FALSE,FALSE,FALSE,FALSE,FALSE,FALSE,TRUE,FALSE,FALSE,FALSE,FALSE,FALSE,FALSE,FALSE,11/22/2026 18:00,11/22/2026 13:00,11/22/2026 12:00,FALSE,GEHA Field at Arrowhead Stadium,1059,7,7,0,FALSE,FALSE,FALSE,1,3,1,2,0.6,0
11,"Sunday, November 22, 2026",1:00 PM,Jacksonville Jaguars,JAX,New York Giants,NYG,Newark,New Jersey,,grass,turf,FALSE,TRUE,FALSE,TRUE,FALSE,FALSE,FALSE,FALSE,FALSE,FALSE,TRUE,TRUE,FALSE,FALSE,FALSE,FALSE,FALSE,TRUE,FALSE,11/22/2026 18:00,11/22/2026 13:00,11/22/2026 12:00,FALSE,MetLife Stadium,839,10,7,3,TRUE,FALSE,FALSE,3,3,2,2,1.2,0
11,"Sunday, November 22, 2026",4:05 PM,New York Jets,NYJ,Los Angeles Chargers,LAC,Los Angeles,California,,turf,turf,TRUE,FALSE,FALSE,FALSE,FALSE,FALSE,FALSE,FALSE,TRUE,FALSE,FALSE,FALSE,TRUE,FALSE,FALSE,FALSE,FALSE,FALSE,FALSE,11/22/2026 21:05,11/22/2026 16:05,11/22/2026 15:05,FALSE,SoFi Stadium,2449,6,7,-1,FALSE,FALSE,FALSE,1,2,1,2,0.2,0.8
11,"Sunday, November 22, 2026",4:25 PM,Las Vegas Raiders,LV,Denver Broncos,DEN,Denver,Colorado,,turf,turf,TRUE,FALSE,TRUE,FALSE,FALSE,FALSE,FALSE,FALSE,FALSE,FALSE,FALSE,TRUE,FALSE,FALSE,FALSE,FALSE,TRUE,TRUE,FALSE,11/22/2026 21:25,11/22/2026 16:25,11/22/2026 15:25,FALSE,Empower Field at Mile High,608,14,7,7,TRUE,FALSE,FALSE,1,3,1,2,1.1,0.4
11,"Sunday, November 22, 2026",4:25 PM,Pittsburgh Steelers,PIT,Philadelphia Eagles,PHI,Philadelphia,Pennsylvania,,grass,turf,FALSE,TRUE,FALSE,TRUE,FALSE,FALSE,FALSE,FALSE,FALSE,FALSE,TRUE,TRUE,FALSE,FALSE,FALSE,FALSE,TRUE,TRUE,FALSE,11/22/2026 21:25,11/22/2026 16:25,11/22/2026 15:25,FALSE,Lincoln Financial Field,259,14,7,7,TRUE,FALSE,FALSE,2,3,2,3,1.7,0
11,"Sunday, November 22, 2026",8:20 PM,Minnesota Vikings,MIN,San Francisco 49ers,SF,Mexico City,Mexico,"International Game: Mexico City, Mexico",turf,grass,FALSE,FALSE,FALSE,FALSE,FALSE,TRUE,FALSE,FALSE,FALSE,FALSE,TRUE,TRUE,FALSE,FALSE,FALSE,FALSE,FALSE,FALSE,FALSE,11/23/2026 1:20,11/22/2026 20:20,11/22/2026 19:20,FALSE,Estadio Banorte,1806,7,7,0,FALSE,FALSE,TRUE,2,3,1,2,1.2,0
11,"Monday, November 23, 2026",8:15 PM,Cincinnati Bengals,CIN,Washington Commanders,WAS,Washington D.C.,District of Columbia,,turf,turf,TRUE,FALSE,FALSE,TRUE,FALSE,FALSE,TRUE,FALSE,FALSE,FALSE,FALSE,FALSE,FALSE,FALSE,FALSE,FALSE,FALSE,TRUE,FALSE,11/24/2026 1:15,11/23/2026 20:15,11/23/2026 19:15,FALSE,Northwest Stadium,411,11,8,3,TRUE,FALSE,FALSE,1,2,1,3,1,0.2
12,"Wednesday, November 25, 2026",8:00 PM,Green Bay Packers,GB,Los Angeles Rams,LAR,Los Angeles,California,,grass,turf,FALSE,TRUE,FALSE,FALSE,FALSE,FALSE,FALSE,FALSE,FALSE,FALSE,FALSE,FALSE,FALSE,FALSE,FALSE,TRUE,TRUE,FALSE,FALSE,11/26/2026 1:00,11/25/2026 20:00,11/25/2026 19:00,FALSE,SoFi Stadium,1764,10,10,0,FALSE,FALSE,FALSE,1,2,1,2,0.7,0.6
12,"Thursday, November 26, 2026",1:00 PM,Chicago Bears,CHI,Detroit Lions,DET,Detroit,Michigan,,grass,turf,FALSE,TRUE,TRUE,FALSE,TRUE,FALSE,FALSE,FALSE,FALSE,FALSE,FALSE,FALSE,FALSE,FALSE,FALSE,FALSE,FALSE,FALSE,FALSE,11/26/2026 18:00,11/26/2026 13:00,11/26/2026 12:00,FALSE,Ford Field,237,4,4,0,FALSE,FALSE,FALSE,1,2,3,3,0.6,0.2
12,"Thursday, November 26, 2026",4:30 PM,Philadelphia Eagles,PHI,Dallas Cowboys,DAL,Dallas,Texas,,turf,grass,FALSE,TRUE,TRUE,FALSE,TRUE,FALSE,FALSE,FALSE,FALSE,FALSE,FALSE,FALSE,FALSE,FALSE,FALSE,FALSE,FALSE,FALSE,FALSE,11/26/2026 21:30,11/26/2026 16:30,11/26/2026 15:30,FALSE,AT&T Stadium,1313,4,4,0,FALSE,FALSE,FALSE,1,2,3,3,0.6,0.2
12,"Thursday, November 26, 2026",8:20 PM,Kansas City Chiefs,KC,Buffalo Bills,BUF,Buffalo,New York,,grass,turf,FALSE,TRUE,FALSE,FALSE,TRUE,FALSE,FALSE,FALSE,FALSE,FALSE,FALSE,FALSE,FALSE,FALSE,FALSE,FALSE,FALSE,FALSE,FALSE,11/27/2026 1:20,11/26/2026 20:20,11/26/2026 19:20,FALSE,Highmark Stadium,858,4,4,0,FALSE,FALSE,FALSE,1,2,2,2,0.6,0
12,"Friday, November 27, 2026",3:00 PM,Denver Broncos,DEN,Pittsburgh Steelers,PIT,Pittsburgh,Pennsylvania,,turf,grass,FALSE,TRUE,FALSE,FALSE,FALSE,FALSE,FALSE,FALSE,FALSE,FALSE,FALSE,FALSE,FALSE,FALSE,FALSE,FALSE,FALSE,FALSE,FALSE,11/27/2026 20:00,11/27/2026 15:00,11/27/2026 14:00,FALSE,Acrisure Stadium,1318,5,5,0,FALSE,FALSE,FALSE,1,2,1,2,0.2,0
12,"Sunday, November 29, 2026",1:00 PM,New Orleans Saints,NO,Cincinnati Bengals,CIN,Cincinnati,Ohio,,turf,turf,TRUE,FALSE,FALSE,TRUE,FALSE,FALSE,FALSE,FALSE,TRUE,FALSE,TRUE,FALSE,FALSE,FALSE,FALSE,FALSE,FALSE,FALSE,FALSE,11/29/2026 18:00,11/29/2026 13:00,11/29/2026 12:00,FALSE,Paycor Stadium,706,6,7,-1,FALSE,FALSE,FALSE,2,2,1,2,0.4,0.8
12,"Sunday, November 29, 2026",1:00 PM,Las Vegas Raiders,LV,Cleveland Browns,CLE,Cleveland,Ohio,,turf,turf,TRUE,FALSE,FALSE,FALSE,FALSE,FALSE,FALSE,FALSE,FALSE,FALSE,TRUE,TRUE,FALSE,FALSE,FALSE,FALSE,TRUE,TRUE,FALSE,11/29/2026 18:00,11/29/2026 13:00,11/29/2026 12:00,FALSE,Huntington Bank Field,1829,14,7,7,TRUE,FALSE,FALSE,2,3,2,2,1.3,0.2
12,"Sunday, November 29, 2026",1:00 PM,Baltimore Ravens,BAL,Houston Texans,HOU,Houston,Texas,,turf,grass,FALSE,TRUE,FALSE,FALSE,FALSE,FALSE,FALSE,FALSE,FALSE,FALSE,TRUE,FALSE,FALSE,FALSE,FALSE,FALSE,FALSE,TRUE,FALSE,11/29/2026 18:00,11/29/2026 13:00,11/29/2026 12:00,FALSE,Reliant Stadium,1255,10,7,3,TRUE,FALSE,FALSE,2,2,2,2,0.8,0
12,"Sunday, November 29, 2026",1:00 PM,New York Giants,NYG,Indianapolis Colts,IND,Indianapolis,Indiana,,turf,turf,TRUE,FALSE,FALSE,TRUE,FALSE,FALSE,FALSE,FALSE,FALSE,FALSE,FALSE,FALSE,FALSE,FALSE,FALSE,FALSE,FALSE,TRUE,FALSE,11/29/2026 18:00,11/29/2026 13:00,11/29/2026 12:00,FALSE,Lucas Oil Stadium,641,10,7,3,TRUE,FALSE,FALSE,1,2,1,3,0.6,0.2
12,"Sunday, November 29, 2026",1:00 PM,New York Jets,NYJ,Miami Dolphins,MIA,Miami,Florida,,turf,turf,TRUE,FALSE,TRUE,FALSE,FALSE,FALSE,FALSE,FALSE,FALSE,FALSE,TRUE,TRUE,FALSE,FALSE,FALSE,FALSE,FALSE,FALSE,FALSE,11/29/2026 18:00,11/29/2026 13:00,11/29/2026 12:00,FALSE,Hard Rock Stadium,1086,7,7,0,FALSE,FALSE,FALSE,2,3,1,2,0.4,0.4
12,"Sunday, November 29, 2026",1:00 PM,Atlanta Falcons,ATL,Minnesota Vikings,MIN,Minneapolis,Minnesota,,grass,turf,FALSE,TRUE,FALSE,FALSE,FALSE,FALSE,FALSE,FALSE,FALSE,FALSE,FALSE,FALSE,FALSE,FALSE,FALSE,TRUE,FALSE,FALSE,TRUE,11/29/2026 18:00,11/29/2026 13:00,11/29/2026 12:00,FALSE,U.S. Bank Stadium,907,7,14,-7,FALSE,TRUE,FALSE,1,2,1,2,0.2,1
12,"Sunday, November 29, 2026",4:05 PM,Tennessee Titans,TEN,Jacksonville Jaguars,JAX,Jacksonville,Florida,,grass,grass,TRUE,FALSE,TRUE,FALSE,FALSE,FALSE,FALSE,FALSE,FALSE,FALSE,TRUE,TRUE,FALSE,FALSE,FALSE,FALSE,FALSE,FALSE,FALSE,11/29/2026 21:05,11/29/2026 16:05,11/29/2026 15:05,FALSE,EverBank Stadium,501,7,7,0,FALSE,FALSE,FALSE,2,3,1,1,0.4,0.4
12,"Sunday, November 29, 2026",4:25 PM,Washington Commanders,WAS,Arizona Cardinals,ARI,Phoenix,Arizona,,turf,turf,TRUE,FALSE,FALSE,FALSE,FALSE,FALSE,FALSE,TRUE,FALSE,FALSE,FALSE,FALSE,FALSE,FALSE,FALSE,FALSE,FALSE,FALSE,FALSE,11/29/2026 21:25,11/29/2026 16:25,11/29/2026 15:25,FALSE,State Farm Stadium,1995,7,6,1,FALSE,FALSE,FALSE,1,2,1,2,0.4,0.2
12,"Sunday, November 29, 2026",4:25 PM,Seattle Seahawks,SEA,San Francisco 49ers,SF,San Francisco,California,,grass,grass,TRUE,FALSE,TRUE,FALSE,FALSE,FALSE,FALSE,FALSE,FALSE,FALSE,TRUE,FALSE,FALSE,FALSE,FALSE,TRUE,FALSE,FALSE,TRUE,11/29/2026 21:25,11/29/2026 16:25,11/29/2026 15:25,FALSE,Levi's® Stadium,704,7,14,-7,FALSE,TRUE,FALSE,2,2,2,3,0.2,1.4
12,"Sunday, November 29, 2026",8:20 PM,New England Patriots,NE,Los Angeles Chargers,LAC,Los Angeles,California,,turf,turf,TRUE,FALSE,FALSE,FALSE,FALSE,TRUE,FALSE,FALSE,FALSE,FALSE,TRUE,TRUE,TRUE,FALSE,FALSE,TRUE,FALSE,FALSE,TRUE,11/30/2026 1:20,11/29/2026 20:20,11/29/2026 19:20,FALSE,SoFi Stadium,2589,7,14,-7,FALSE,TRUE,FALSE,2,3,2,3,1.4,1.2
12,"Monday, November 30, 2026",8:15 PM,Carolina Panthers,CAR,Tampa Bay Buccaneers,TB,Tampa Bay,Florida,,grass,grass,TRUE,FALSE,TRUE,FALSE,FALSE,FALSE,TRUE,FALSE,FALSE,FALSE,FALSE,FALSE,FALSE,FALSE,FALSE,FALSE,FALSE,FALSE,FALSE,12/1/2026 1:15,11/30/2026 20:15,11/30/2026 19:15,FALSE,Raymond James Stadium,510,8,8,0,FALSE,FALSE,FALSE,1,2,1,2,0.4,0.4
13,"Thursday, December 3, 2026",8:15 PM,Kansas City Chiefs,KC,Los Angeles Rams,LAR,Los Angeles,California,,grass,turf,FALSE,TRUE,FALSE,TRUE,TRUE,FALSE,FALSE,FALSE,FALSE,FALSE,TRUE,TRUE,FALSE,FALSE,FALSE,FALSE,FALSE,FALSE,FALSE,12/4/2026 1:15,12/3/2026 20:15,12/3/2026 19:15,FALSE,SoFi Stadium,1366,8,7,1,FALSE,FALSE,FALSE,2,3,2,2,1.2,0
13,"Sunday, December 6, 2026",1:00 PM,Detroit Lions,DET,Atlanta Falcons,ATL,Atlanta,Georgia,,turf,grass,FALSE,TRUE,FALSE,FALSE,FALSE,FALSE,FALSE,FALSE,FALSE,FALSE,FALSE,FALSE,FALSE,FALSE,FALSE,FALSE,FALSE,FALSE,TRUE,12/6/2026 18:00,12/6/2026 13:00,12/6/2026 12:00,FALSE,Mercedes-Benz Stadium,598,7,10,-3,FALSE,TRUE,FALSE,1,1,1,3,0.2,0.4
13,"Sunday, December 6, 2026",1:00 PM,Jacksonville Jaguars,JAX,Chicago Bears,CHI,Chicago,Illinois,,grass,grass,TRUE,FALSE,FALSE,TRUE,FALSE,FALSE,FALSE,FALSE,FALSE,FALSE,FALSE,TRUE,FALSE,FALSE,FALSE,FALSE,FALSE,TRUE,FALSE,12/6/2026 18:00,12/6/2026 13:00,12/6/2026 12:00,FALSE,Soldier Field,864,10,7,3,TRUE,FALSE,FALSE,1,3,1,3,0.8,0.2
13,"Sunday, December 6, 2026",1:00 PM,Cincinnati Bengals,CIN,Cleveland Browns,CLE,Cleveland,Ohio,,turf,turf,TRUE,FALSE,TRUE,FALSE,FALSE,FALSE,FALSE,FALSE,FALSE,FALSE,FALSE,FALSE,FALSE,FALSE,FALSE,FALSE,FALSE,FALSE,FALSE,12/6/2026 18:00,12/6/2026 13:00,12/6/2026 12:00,FALSE,Huntington Bank Field,223,7,7,0,FALSE,FALSE,FALSE,1,2,3,3,0,0.4
13,"Sunday, December 6, 2026",1:00 PM,Green Bay Packers,GB,New Orleans Saints,NO,New Orleans,Louisiana,,grass,turf,FALSE,TRUE,FALSE,FALSE,FALSE,FALSE,FALSE,FALSE,FALSE,FALSE,TRUE,TRUE,FALSE,FALSE,FALSE,FALSE,FALSE,FALSE,TRUE,12/6/2026 18:00,12/6/2026 13:00,12/6/2026 12:00,FALSE,Caesars Superdome,1011,7,11,-4,FALSE,TRUE,FALSE,2,3,1,2,0.6,0.4
13,"Sunday, December 6, 2026",1:00 PM,San Francisco 49ers,SF,New York Giants,NYG,Newark,New Jersey,,grass,turf,FALSE,TRUE,FALSE,FALSE,FALSE,FALSE,FALSE,FALSE,FALSE,FALSE,FALSE,FALSE,TRUE,FALSE,FALSE,FALSE,FALSE,FALSE,FALSE,12/6/2026 18:00,12/6/2026 13:00,12/6/2026 12:00,FALSE,MetLife Stadium,2547,7,7,0,FALSE,FALSE,FALSE,1,2,1,3,0.4,0
13,"Sunday, December 6, 2026",1:00 PM,Los Angeles Chargers,LAC,Tampa Bay Buccaneers,TB,Tampa Bay,Florida,,turf,grass,FALSE,TRUE,FALSE,TRUE,FALSE,FALSE,FALSE,FALSE,FALSE,FALSE,FALSE,FALSE,TRUE,FALSE,FALSE,FALSE,FALSE,FALSE,FALSE,12/6/2026 18:00,12/6/2026 13:00,12/6/2026 12:00,FALSE,Raymond James Stadium,2152,6,7,-1,FALSE,FALSE,FALSE,1,2,2,2,0.6,0
13,"Sunday, December 6, 2026",1:00 PM,Washington Commanders,WAS,Tennessee Titans,TEN,Nashville,Tennessee,,turf,grass,FALSE,TRUE,FALSE,TRUE,FALSE,FALSE,FALSE,FALSE,FALSE,FALSE,TRUE,TRUE,FALSE,FALSE,FALSE,FALSE,FALSE,FALSE,FALSE,12/6/2026 18:00,12/6/2026 13:00,12/6/2026 12:00,FALSE,Nissan Stadium,575,7,7,0,FALSE,FALSE,FALSE,2,3,1,2,0.8,0
13,"Sunday, December 6, 2026",4:05 PM,Philadelphia Eagles,PHI,Arizona Cardinals,ARI,Phoenix,Arizona,,turf,turf,TRUE,FALSE,FALSE,FALSE,FALSE,FALSE,FALSE,FALSE,FALSE,FALSE,TRUE,FALSE,TRUE,FALSE,FALSE,FALSE,FALSE,FALSE,TRUE,12/6/2026 21:05,12/6/2026 16:05,12/6/2026 15:05,FALSE,State Farm Stadium,2086,7,10,-3,FALSE,TRUE,FALSE,2,2,2,3,0.4,0.6
13,"Sunday, December 6, 2026",4:05 PM,Miami Dolphins,MIA,Denver Broncos,DEN,Denver,Colorado,,turf,turf,TRUE,FALSE,FALSE,FALSE,FALSE,FALSE,FALSE,FALSE,FALSE,FALSE,FALSE,TRUE,FALSE,FALSE,FALSE,FALSE,FALSE,FALSE,FALSE,12/6/2026 21:05,12/6/2026 16:05,12/6/2026 15:05,FALSE,Empower Field at Mile High,1716,9,7,2,FALSE,FALSE,FALSE,1,3,1,2,0.2,0.2
13,"Sunday, December 6, 2026",4:25 PM,Carolina Panthers,CAR,Minnesota Vikings,MIN,Minneapolis,Minnesota,,grass,turf,FALSE,TRUE,FALSE,FALSE,FALSE,FALSE,FALSE,FALSE,FALSE,TRUE,TRUE,TRUE,FALSE,FALSE,FALSE,FALSE,FALSE,FALSE,FALSE,12/6/2026 21:25,12/6/2026 16:25,12/6/2026 15:25,FALSE,U.S. Bank Stadium,938,7,6,1,FALSE,FALSE,FALSE,2,3,2,2,1.4,0
13,"Sunday, December 6, 2026",4:25 PM,Buffalo Bills,BUF,New England Patriots,NE,Boston,Massachusetts,,turf,turf,TRUE,FALSE,TRUE,FALSE,FALSE,FALSE,FALSE,FALSE,FALSE,FALSE,FALSE,FALSE,FALSE,FALSE,FALSE,FALSE,FALSE,FALSE,TRUE,12/6/2026 21:25,12/6/2026 16:25,12/6/2026 15:25,FALSE,Gillette Stadium,386,7,10,-3,FALSE,TRUE,FALSE,1,2,1,2,0,0.8
13,"Sunday, December 6, 2026",8:20 PM,Houston Texans,HOU,Pittsburgh Steelers,PIT,Pittsburgh,Pennsylvania,,grass,grass,TRUE,FALSE,FALSE,FALSE,FALSE,TRUE,FALSE,FALSE,FALSE,FALSE,FALSE,FALSE,FALSE,FALSE,FALSE,FALSE,FALSE,FALSE,FALSE,12/7/2026 1:20,12/6/2026 20:20,12/6/2026 19:20,FALSE,Acrisure Stadium,1142,9,7,2,FALSE,FALSE,FALSE,1,2,2,2,0.8,0.2
13,"Monday, December 7, 2026",8:15 PM,Dallas Cowboys,DAL,Seattle Seahawks,SEA,Seattle,Washington,,grass,grass,TRUE,FALSE,FALSE,FALSE,FALSE,FALSE,TRUE,FALSE,FALSE,FALSE,FALSE,FALSE,FALSE,FALSE,FALSE,FALSE,FALSE,FALSE,TRUE,12/8/2026 1:15,12/7/2026 20:15,12/7/2026 19:15,FALSE,Lumen Field,1669,8,11,-3,FALSE,TRUE,FALSE,1,1,1,2,0.4,0.6
14,"Thursday, December 10, 2026",8:15 PM,Minnesota Vikings,MIN,New England Patriots,NE,Boston,Massachusetts,,turf,turf,TRUE,FALSE,FALSE,TRUE,TRUE,FALSE,FALSE,FALSE,FALSE,FALSE,FALSE,FALSE,FALSE,FALSE,FALSE,FALSE,FALSE,FALSE,FALSE,12/11/2026 1:15,12/10/2026 20:15,12/10/2026 19:15,FALSE,Gillette Stadium,1116,4,4,0,FALSE,FALSE,FALSE,1,2,2,2,0.6,0.2
14,"Sunday, December 13, 2026",1:00 PM,Tampa Bay Buccaneers,TB,Baltimore Ravens,BAL,Baltimore,Maryland,,grass,turf,FALSE,TRUE,FALSE,TRUE,FALSE,FALSE,FALSE,FALSE,FALSE,FALSE,FALSE,FALSE,FALSE,FALSE,FALSE,FALSE,TRUE,TRUE,FALSE,12/13/2026 18:00,12/13/2026 13:00,12/13/2026 12:00,FALSE,M&T Bank Stadium,851,14,7,7,TRUE,FALSE,FALSE,1,2,1,2,1.3,0
14,"Sunday, December 13, 2026",1:00 PM,New Orleans Saints,NO,Carolina Panthers,CAR,Charlotte,North Carolina,,turf,grass,FALSE,TRUE,TRUE,FALSE,FALSE,FALSE,FALSE,FALSE,FALSE,FALSE,FALSE,TRUE,FALSE,FALSE,FALSE,FALSE,FALSE,FALSE,FALSE,12/13/2026 18:00,12/13/2026 13:00,12/13/2026 12:00,FALSE,Bank of America Stadium,649,7,7,0,FALSE,FALSE,FALSE,1,3,1,2,0.4,0.2
14,"Sunday, December 13, 2026",1:00 PM,Atlanta Falcons,ATL,Cleveland Browns,CLE,Cleveland,Ohio,,grass,turf,FALSE,TRUE,FALSE,TRUE,FALSE,FALSE,FALSE,FALSE,FALSE,FALSE,FALSE,FALSE,FALSE,FALSE,FALSE,FALSE,FALSE,FALSE,FALSE,12/13/2026 18:00,12/13/2026 13:00,12/13/2026 12:00,FALSE,Huntington Bank Field,555,7,7,0,FALSE,FALSE,FALSE,1,2,4,4,0.4,0
14,"Sunday, December 13, 2026",1:00 PM,Tennessee Titans,TEN,Detroit Lions,DET,Detroit,Michigan,,grass,turf,FALSE,TRUE,FALSE,TRUE,FALSE,FALSE,FALSE,FALSE,FALSE,FALSE,FALSE,TRUE,FALSE,FALSE,FALSE,FALSE,FALSE,FALSE,FALSE,12/13/2026 18:00,12/13/2026 13:00,12/13/2026 12:00,FALSE,Ford Field,471,7,7,0,FALSE,FALSE,FALSE,1,3,1,3,0.6,0
14,"Sunday, December 13, 2026",1:00 PM,Chicago Bears,CHI,Miami Dolphins,MIA,Miami,Florida,,grass,turf,FALSE,TRUE,FALSE,TRUE,FALSE,FALSE,FALSE,FALSE,FALSE,FALSE,FALSE,FALSE,FALSE,FALSE,FALSE,FALSE,FALSE,FALSE,FALSE,12/13/2026 18:00,12/13/2026 13:00,12/13/2026 12:00,FALSE,Hard Rock Stadium,1176,7,7,0,FALSE,FALSE,FALSE,1,2,1,2,0.4,0
14,"Sunday, December 13, 2026",1:00 PM,Denver Broncos,DEN,New York Jets,NYJ,Newark,New Jersey,,turf,turf,TRUE,FALSE,FALSE,FALSE,FALSE,FALSE,FALSE,FALSE,FALSE,FALSE,FALSE,FALSE,FALSE,FALSE,FALSE,FALSE,TRUE,TRUE,FALSE,12/13/2026 18:00,12/13/2026 13:00,12/13/2026 12:00,FALSE,MetLife Stadium,1624,14,7,7,TRUE,FALSE,FALSE,1,2,1,2,0.9,0.2
14,"Sunday, December 13, 2026",1:00 PM,Indianapolis Colts,IND,Philadelphia Eagles,PHI,Philadelphia,Pennsylvania,,turf,turf,TRUE,FALSE,FALSE,TRUE,FALSE,FALSE,FALSE,FALSE,FALSE,FALSE,FALSE,FALSE,FALSE,FALSE,FALSE,TRUE,FALSE,FALSE,TRUE,12/13/2026 18:00,12/13/2026 13:00,12/13/2026 12:00,FALSE,Lincoln Financial Field,583,7,14,-7,FALSE,TRUE,FALSE,1,2,1,2,0.2,1.2
14,"Sunday, December 13, 2026",1:00 PM,Houston Texans,HOU,Washington Commanders,WAS,Washington D.C.,District of Columbia,,grass,turf,FALSE,TRUE,FALSE,TRUE,FALSE,FALSE,FALSE,FALSE,FALSE,FALSE,TRUE,FALSE,FALSE,FALSE,FALSE,FALSE,FALSE,FALSE,FALSE,12/13/2026 18:00,12/13/2026 13:00,12/13/2026 12:00,FALSE,Northwest Stadium,1232,7,7,0,FALSE,FALSE,FALSE,2,2,1,2,0.6,0
14,"Sunday, December 13, 2026",4:05 PM,Los Angeles Chargers,LAC,Las Vegas Raiders,LV,Las Vegas,Nevada,,turf,turf,TRUE,FALSE,TRUE,FALSE,FALSE,FALSE,FALSE,FALSE,FALSE,FALSE,TRUE,FALSE,FALSE,FALSE,FALSE,FALSE,TRUE,TRUE,FALSE,12/13/2026 21:05,12/13/2026 16:05,12/13/2026 15:05,FALSE,Allegiant Stadium,232,14,7,7,TRUE,FALSE,FALSE,2,2,1,2,1.1,0.4
14,"Sunday, December 13, 2026",4:25 PM,Kansas City Chiefs,KC,Cincinnati Bengals,CIN,Cincinnati,Ohio,,grass,turf,FALSE,TRUE,FALSE,FALSE,FALSE,FALSE,FALSE,FALSE,FALSE,FALSE,TRUE,TRUE,FALSE,FALSE,FALSE,FALSE,FALSE,FALSE,TRUE,12/13/2026 21:25,12/13/2026 16:25,12/13/2026 15:25,FALSE,Paycor Stadium,534,7,10,-3,FALSE,TRUE,FALSE,3,3,1,2,0.6,0.4
14,"Sunday, December 13, 2026",4:25 PM,New York Giants,NYG,Seattle Seahawks,SEA,Seattle,Washington,,turf,grass,FALSE,TRUE,FALSE,FALSE,FALSE,FALSE,FALSE,FALSE,FALSE,FALSE,FALSE,FALSE,TRUE,FALSE,FALSE,FALSE,FALSE,FALSE,FALSE,12/13/2026 21:25,12/13/2026 16:25,12/13/2026 15:25,FALSE,Lumen Field,2396,6,7,-1,FALSE,FALSE,FALSE,1,2,2,2,0.4,0
14,"Sunday, December 13, 2026",4:25 PM,Los Angeles Rams,LAR,San Francisco 49ers,SF,San Francisco,California,,turf,grass,FALSE,TRUE,TRUE,FALSE,FALSE,FALSE,FALSE,FALSE,FALSE,FALSE,FALSE,FALSE,FALSE,FALSE,FALSE,FALSE,FALSE,FALSE,TRUE,12/13/2026 21:25,12/13/2026 16:25,12/13/2026 15:25,FALSE,Levi's® Stadium,314,7,10,-3,FALSE,TRUE,FALSE,1,2,1,3,0.2,0.6
14,"Sunday, December 13, 2026",8:20 PM,Buffalo Bills,BUF,Green Bay Packers,GB,Green Bay,Wisconsin,,turf,grass,FALSE,TRUE,FALSE,TRUE,FALSE,TRUE,FALSE,FALSE,FALSE,FALSE,TRUE,FALSE,FALSE,FALSE,FALSE,FALSE,FALSE,FALSE,FALSE,12/14/2026 1:20,12/13/2026 20:20,12/13/2026 19:20,FALSE,Lambeau Field,479,7,7,0,FALSE,FALSE,FALSE,2,2,1,2,1.4,0
14,"Monday, December 14, 2026",8:15 PM,Pittsburgh Steelers,PIT,Jacksonville Jaguars,JAX,Jacksonville,Florida,,grass,grass,TRUE,FALSE,FALSE,FALSE,FALSE,FALSE,TRUE,FALSE,FALSE,FALSE,FALSE,FALSE,FALSE,FALSE,FALSE,FALSE,FALSE,FALSE,FALSE,12/15/2026 1:15,12/14/2026 20:15,12/14/2026 19:15,FALSE,EverBank Stadium,705,8,8,0,FALSE,FALSE,FALSE,1,2,1,2,0.4,0.2
15,"Thursday, December 17, 2026",8:15 PM,San Francisco 49ers,SF,Los Angeles Chargers,LAC,Los Angeles,California,,grass,turf,FALSE,TRUE,FALSE,TRUE,TRUE,FALSE,FALSE,FALSE,FALSE,FALSE,FALSE,FALSE,FALSE,FALSE,FALSE,FALSE,FALSE,FALSE,FALSE,12/18/2026 1:15,12/17/2026 20:15,12/17/2026 19:15,FALSE,SoFi Stadium,314,4,4,0,FALSE,FALSE,FALSE,1,2,1,2,0.8,0
15,"Saturday, December 19, 2026",5:00 PM,Seattle Seahawks,SEA,Philadelphia Eagles,PHI,Philadelphia,Pennsylvania,,grass,turf,FALSE,TRUE,FALSE,FALSE,FALSE,FALSE,FALSE,FALSE,FALSE,FALSE,FALSE,FALSE,TRUE,FALSE,FALSE,FALSE,FALSE,FALSE,FALSE,12/19/2026 22:00,12/19/2026 17:00,12/19/2026 16:00,FALSE,Lincoln Financial Field,2375,6,6,0,FALSE,FALSE,FALSE,1,2,2,2,0.4,0
15,"Saturday, December 19, 2026",8:20 PM,Chicago Bears,CHI,Buffalo Bills,BUF,Buffalo,New York,,grass,turf,FALSE,TRUE,FALSE,TRUE,FALSE,FALSE,FALSE,FALSE,FALSE,FALSE,TRUE,TRUE,FALSE,FALSE,FALSE,FALSE,FALSE,FALSE,FALSE,12/20/2026 1:20,12/19/2026 20:20,12/19/2026 19:20,FALSE,Highmark Stadium,455,6,6,0,FALSE,FALSE,FALSE,2,3,1,2,0.8,0
15,"Sunday, December 20, 2026",1:00 PM,Cincinnati Bengals,CIN,Carolina Panthers,CAR,Charlotte,North Carolina,,turf,grass,FALSE,TRUE,FALSE,TRUE,FALSE,FALSE,FALSE,FALSE,FALSE,FALSE,FALSE,FALSE,FALSE,FALSE,FALSE,FALSE,FALSE,FALSE,FALSE,12/20/2026 18:00,12/20/2026 13:00,12/20/2026 12:00,FALSE,Bank of America Stadium,335,7,7,0,FALSE,FALSE,FALSE,1,2,2,2,0.4,0
15,"Sunday, December 20, 2026",1:00 PM,Miami Dolphins,MIA,Green Bay Packers,GB,Green Bay,Wisconsin,,turf,grass,FALSE,TRUE,FALSE,TRUE,FALSE,FALSE,FALSE,FALSE,FALSE,FALSE,FALSE,FALSE,FALSE,FALSE,FALSE,FALSE,FALSE,FALSE,FALSE,12/20/2026 18:00,12/20/2026 13:00,12/20/2026 12:00,FALSE,Lambeau Field,1354,7,7,0,FALSE,FALSE,FALSE,1,2,2,2,0.4,0
15,"Sunday, December 20, 2026",1:00 PM,Jacksonville Jaguars,JAX,Houston Texans,HOU,Houston,Texas,,grass,grass,TRUE,FALSE,TRUE,FALSE,FALSE,FALSE,FALSE,TRUE,FALSE,FALSE,FALSE,FALSE,FALSE,FALSE,FALSE,FALSE,FALSE,FALSE,FALSE,12/20/2026 18:00,12/20/2026 13:00,12/20/2026 12:00,FALSE,Reliant Stadium,825,7,6,1,FALSE,FALSE,FALSE,1,2,1,2,0.4,0.4
15,"Sunday, December 20, 2026",1:00 PM,Cleveland Browns,CLE,New York Giants,NYG,Newark,New Jersey,,turf,turf,TRUE,FALSE,FALSE,TRUE,FALSE,FALSE,FALSE,FALSE,FALSE,FALSE,FALSE,FALSE,FALSE,FALSE,FALSE,FALSE,FALSE,FALSE,FALSE,12/20/2026 18:00,12/20/2026 13:00,12/20/2026 12:00,FALSE,MetLife Stadium,399,7,7,0,FALSE,FALSE,FALSE,1,1,1,2,0.2,0.2
15,"Sunday, December 20, 2026",1:00 PM,Baltimore Ravens,BAL,Pittsburgh Steelers,PIT,Pittsburgh,Pennsylvania,,turf,grass,FALSE,TRUE,TRUE,FALSE,FALSE,FALSE,FALSE,FALSE,TRUE,FALSE,FALSE,TRUE,FALSE,FALSE,FALSE,FALSE,FALSE,FALSE,FALSE,12/20/2026 18:00,12/20/2026 13:00,12/20/2026 12:00,FALSE,Acrisure Stadium,197,6,7,-1,FALSE,FALSE,FALSE,1,3,1,3,0.4,0.8
15,"Sunday, December 20, 2026",1:00 PM,New Orleans Saints,NO,Tampa Bay Buccaneers,TB,Tampa Bay,Florida,,turf,grass,FALSE,TRUE,TRUE,FALSE,FALSE,FALSE,FALSE,FALSE,FALSE,FALSE,TRUE,TRUE,FALSE,FALSE,FALSE,FALSE,FALSE,FALSE,FALSE,12/20/2026 18:00,12/20/2026 13:00,12/20/2026 12:00,FALSE,Raymond James Stadium,478,7,7,0,FALSE,FALSE,FALSE,2,3,1,3,0.6,0.2
15,"Sunday, December 20, 2026",1:00 PM,Indianapolis Colts,IND,Tennessee Titans,TEN,Nashville,Tennessee,,turf,grass,FALSE,TRUE,TRUE,FALSE,FALSE,FALSE,FALSE,FALSE,FALSE,FALSE,TRUE,TRUE,FALSE,FALSE,FALSE,FALSE,FALSE,FALSE,FALSE,12/20/2026 18:00,12/20/2026 13:00,12/20/2026 12:00,FALSE,Nissan Stadium,250,7,7,0,FALSE,FALSE,FALSE,2,3,1,2,0.6,0.2
15,"Sunday, December 20, 2026",1:00 PM,Atlanta Falcons,ATL,Washington Commanders,WAS,Washington D.C.,District of Columbia,,grass,turf,FALSE,TRUE,FALSE,FALSE,FALSE,FALSE,FALSE,FALSE,FALSE,FALSE,TRUE,TRUE,FALSE,FALSE,FALSE,FALSE,FALSE,FALSE,FALSE,12/20/2026 18:00,12/20/2026 13:00,12/20/2026 12:00,FALSE,Northwest Stadium,550,7,7,0,FALSE,FALSE,FALSE,2,3,2,2,0.6,0
15,"Sunday, December 20, 2026",4:05 PM,New York Jets,NYJ,Arizona Cardinals,ARI,Phoenix,Arizona,,turf,turf,TRUE,FALSE,FALSE,TRUE,FALSE,FALSE,FALSE,FALSE,FALSE,FALSE,FALSE,TRUE,TRUE,FALSE,FALSE,FALSE,TRUE,TRUE,FALSE,12/20/2026 21:05,12/20/2026 16:05,12/20/2026 15:05,FALSE,State Farm Stadium,2144,14,7,7,TRUE,FALSE,FALSE,1,3,3,3,1.5,0.2
15,"Sunday, December 20, 2026",4:25 PM,Dallas Cowboys,DAL,Los Angeles Rams,LAR,Los Angeles,California,,grass,turf,FALSE,TRUE,FALSE,FALSE,FALSE,FALSE,FALSE,FALSE,FALSE,FALSE,TRUE,FALSE,FALSE,FALSE,FALSE,TRUE,FALSE,FALSE,TRUE,12/20/2026 21:25,12/20/2026 16:25,12/20/2026 15:25,FALSE,SoFi Stadium,1227,7,13,-6,FALSE,TRUE,FALSE,2,2,1,3,0.4,1
15,"Sunday, December 20, 2026",4:25 PM,Denver Broncos,DEN,Las Vegas Raiders,LV,Las Vegas,Nevada,,turf,turf,TRUE,FALSE,TRUE,FALSE,FALSE,FALSE,FALSE,FALSE,FALSE,FALSE,TRUE,TRUE,FALSE,FALSE,FALSE,FALSE,FALSE,FALSE,FALSE,12/20/2026 21:25,12/20/2026 16:25,12/20/2026 15:25,FALSE,Allegiant Stadium,608,7,7,0,FALSE,FALSE,FALSE,2,3,2,2,0.4,0.4
15,"Sunday, December 20, 2026",8:20 PM,Detroit Lions,DET,Minnesota Vikings,MIN,Minneapolis,Minnesota,,turf,turf,TRUE,FALSE,TRUE,FALSE,FALSE,TRUE,FALSE,FALSE,FALSE,FALSE,FALSE,FALSE,FALSE,FALSE,FALSE,FALSE,FALSE,TRUE,FALSE,12/21/2026 1:20,12/20/2026 20:20,12/20/2026 19:20,FALSE,U.S. Bank Stadium,541,10,7,3,TRUE,FALSE,FALSE,1,2,1,3,1.2,0.4
15,"Monday, December 21, 2026",8:15 PM,New England Patriots,NE,Kansas City Chiefs,KC,Kansas City,Missouri,,turf,grass,FALSE,TRUE,FALSE,FALSE,FALSE,FALSE,TRUE,FALSE,FALSE,FALSE,FALSE,FALSE,FALSE,FALSE,FALSE,FALSE,FALSE,FALSE,TRUE,12/22/2026 1:15,12/21/2026 20:15,12/21/2026 19:15,FALSE,GEHA Field at Arrowhead Stadium,1233,8,11,-3,FALSE,TRUE,FALSE,1,2,1,1,0.6,0.4
16,"Thursday, December 24, 2026",8:15 PM,Houston Texans,HOU,Philadelphia Eagles,PHI,Philadelphia,Pennsylvania,,grass,turf,FALSE,TRUE,FALSE,TRUE,TRUE,FALSE,FALSE,FALSE,FALSE,FALSE,FALSE,TRUE,FALSE,FALSE,FALSE,FALSE,FALSE,FALSE,FALSE,12/25/2026 1:15,12/24/2026 20:15,12/24/2026 19:15,FALSE,Lincoln Financial Field,1343,5,4,1,FALSE,FALSE,FALSE,1,3,3,3,1,0
16,"Friday, December 25, 2026",1:00 PM,Green Bay Packers,GB,Chicago Bears,CHI,Chicago,Illinois,,grass,grass,TRUE,FALSE,TRUE,FALSE,TRUE,FALSE,FALSE,FALSE,FALSE,FALSE,FALSE,FALSE,FALSE,FALSE,FALSE,FALSE,FALSE,FALSE,FALSE,12/25/2026 18:00,12/25/2026 13:00,12/25/2026 12:00,FALSE,Soldier Field,184,6,5,1,FALSE,FALSE,FALSE,1,2,1,2,0.4,0.4
16,"Friday, December 25, 2026",4:30 PM,Buffalo Bills,BUF,Denver Broncos,DEN,Denver,Colorado,,turf,turf,TRUE,FALSE,FALSE,FALSE,TRUE,FALSE,FALSE,FALSE,FALSE,FALSE,FALSE,TRUE,FALSE,FALSE,FALSE,FALSE,FALSE,FALSE,FALSE,12/25/2026 21:30,12/25/2026 16:30,12/25/2026 15:30,FALSE,Empower Field at Mile High,1373,5,6,-1,FALSE,FALSE,FALSE,1,3,1,2,0.6,0.2
16,"Friday, December 25, 2026",8:15 PM,Los Angeles Rams,LAR,Seattle Seahawks,SEA,Seattle,Washington,,turf,grass,FALSE,TRUE,TRUE,FALSE,FALSE,FALSE,FALSE,FALSE,FALSE,FALSE,FALSE,FALSE,FALSE,FALSE,FALSE,FALSE,FALSE,FALSE,FALSE,12/26/2026 1:15,12/25/2026 20:15,12/25/2026 19:15,FALSE,Lumen Field,965,6,5,1,FALSE,FALSE,FALSE,1,2,1,3,0.2,0.2
16,"Sunday, December 27, 2026",1:00 PM,Cleveland Browns,CLE,Baltimore Ravens,BAL,Baltimore,Maryland,,turf,turf,TRUE,FALSE,TRUE,FALSE,FALSE,FALSE,FALSE,FALSE,FALSE,FALSE,TRUE,FALSE,FALSE,FALSE,FALSE,FALSE,FALSE,FALSE,FALSE,12/27/2026 18:00,12/27/2026 13:00,12/27/2026 12:00,FALSE,M&T Bank Stadium,308,7,7,0,FALSE,FALSE,FALSE,2,2,1,2,0.2,0.4
16,"Sunday, December 27, 2026",1:00 PM,Los Angeles Chargers,LAC,Miami Dolphins,MIA,Miami,Florida,,turf,turf,TRUE,FALSE,FALSE,FALSE,FALSE,FALSE,FALSE,FALSE,FALSE,FALSE,FALSE,TRUE,TRUE,FALSE,FALSE,FALSE,FALSE,FALSE,TRUE,12/27/2026 18:00,12/27/2026 13:00,12/27/2026 12:00,FALSE,Hard Rock Stadium,2333,7,10,-3,FALSE,TRUE,FALSE,1,3,1,2,0.4,0.6
16,"Sunday, December 27, 2026",1:00 PM,Arizona Cardinals,ARI,New Orleans Saints,NO,New Orleans,Louisiana,,turf,turf,TRUE,FALSE,FALSE,FALSE,FALSE,FALSE,FALSE,FALSE,FALSE,FALSE,FALSE,FALSE,FALSE,FALSE,FALSE,FALSE,FALSE,FALSE,FALSE,12/27/2026 18:00,12/27/2026 13:00,12/27/2026 12:00,FALSE,Caesars Superdome,1324,7,7,0,FALSE,FALSE,FALSE,1,1,1,2,0,0.2
16,"Sunday, December 27, 2026",1:00 PM,New England Patriots,NE,New York Jets,NYJ,Newark,New Jersey,,turf,turf,TRUE,FALSE,TRUE,FALSE,FALSE,FALSE,FALSE,FALSE,FALSE,TRUE,TRUE,FALSE,FALSE,FALSE,FALSE,FALSE,FALSE,FALSE,FALSE,12/27/2026 18:00,12/27/2026 13:00,12/27/2026 12:00,FALSE,MetLife Stadium,170,7,6,1,FALSE,FALSE,FALSE,2,2,1,2,1,0.4
16,"Sunday, December 27, 2026",4:05 PM,Tennessee Titans,TEN,Las Vegas Raiders,LV,Las Vegas,Nevada,,grass,turf,FALSE,TRUE,FALSE,FALSE,FALSE,FALSE,FALSE,FALSE,FALSE,FALSE,FALSE,FALSE,FALSE,FALSE,FALSE,FALSE,FALSE,FALSE,FALSE,12/27/2026 21:05,12/27/2026 16:05,12/27/2026 15:05,FALSE,Allegiant Stadium,1580,7,7,0,FALSE,FALSE,FALSE,1,2,3,3,0.2,0
16,"Sunday, December 27, 2026",4:25 PM,San Francisco 49ers,SF,Kansas City Chiefs,KC,Kansas City,Missouri,,grass,grass,TRUE,FALSE,FALSE,TRUE,FALSE,FALSE,FALSE,FALSE,FALSE,FALSE,TRUE,TRUE,FALSE,FALSE,FALSE,FALSE,FALSE,FALSE,TRUE,12/27/2026 21:25,12/27/2026 16:25,12/27/2026 15:25,FALSE,GEHA Field at Arrowhead Stadium,1491,6,10,-4,FALSE,TRUE,FALSE,2,3,2,2,0.6,0.6
16,"Sunday, December 27, 2026",8:20 PM,Jacksonville Jaguars,JAX,Dallas Cowboys,DAL,Dallas,Texas,,grass,grass,TRUE,FALSE,FALSE,TRUE,FALSE,TRUE,FALSE,FALSE,FALSE,FALSE,TRUE,TRUE,FALSE,FALSE,FALSE,FALSE,FALSE,FALSE,FALSE,12/28/2026 1:20,12/27/2026 20:20,12/27/2026 19:20,FALSE,AT&T Stadium,925,7,7,0,FALSE,FALSE,FALSE,2,3,1,2,1.4,0.2
16,"Sunday,December 27, 2026",TBD,Tampa Bay Buccaneers,TB,Atlanta Falcons,ATL,Atlanta,Georgia,,grass,grass,TRUE,FALSE,TRUE,FALSE,FALSE,FALSE,FALSE,FALSE,FALSE,FALSE,FALSE,FALSE,FALSE,FALSE,FALSE,FALSE,FALSE,FALSE,FALSE,12/29/2026 0:00,12/28/2026 19:00,12/28/2026 18:00,TRUE,Mercedes-Benz Stadium,415,9,9,0,FALSE,FALSE,FALSE,1,2,1,2,0,0.4
16,"Sunday,December 27, 2026",TBD,Cincinnati Bengals,CIN,Indianapolis Colts,IND,Indianapolis,Indiana,,turf,turf,TRUE,FALSE,FALSE,FALSE,FALSE,FALSE,FALSE,FALSE,FALSE,FALSE,TRUE,TRUE,FALSE,FALSE,FALSE,FALSE,FALSE,FALSE,FALSE,12/29/2026 0:00,12/28/2026 19:00,12/28/2026 18:00,TRUE,Lucas Oil Stadium,99,9,9,0,FALSE,FALSE,FALSE,2,3,1,2,0.4,0.2
16,"Sunday,December 27, 2026",TBD,Washington Commanders,WAS,Minnesota Vikings,MIN,Minneapolis,Minnesota,,turf,turf,TRUE,FALSE,FALSE,FALSE,FALSE,FALSE,FALSE,FALSE,FALSE,FALSE,FALSE,FALSE,FALSE,FALSE,FALSE,FALSE,FALSE,FALSE,FALSE,12/29/2026 0:00,12/28/2026 19:00,12/28/2026 18:00,TRUE,U.S. Bank Stadium,939,9,9,0,FALSE,FALSE,FALSE,1,2,2,3,0,0.2
16,"Sunday,December 27, 2026",TBD,Carolina Panthers,CAR,Pittsburgh Steelers,PIT,Pittsburgh,Pennsylvania,,grass,grass,TRUE,FALSE,FALSE,TRUE,FALSE,FALSE,FALSE,FALSE,FALSE,FALSE,FALSE,FALSE,FALSE,FALSE,FALSE,FALSE,FALSE,FALSE,FALSE,12/29/2026 0:00,12/28/2026 19:00,12/28/2026 18:00,TRUE,Acrisure Stadium,364,9,9,0,FALSE,FALSE,FALSE,1,2,2,3,0.2,0.2
16,"Monday, December 28, 2026",8:15 PM,New York Giants,NYG,Detroit Lions,DET,Detroit,Michigan,,turf,turf,TRUE,FALSE,FALSE,FALSE,FALSE,FALSE,TRUE,FALSE,FALSE,FALSE,FALSE,FALSE,FALSE,FALSE,FALSE,FALSE,FALSE,FALSE,FALSE,12/29/2026 1:15,12/28/2026 20:15,12/28/2026 19:15,FALSE,Ford Field,475,8,8,0,FALSE,FALSE,FALSE,1,2,1,2,0.4,0.2
17,"Thursday, December 31, 2026",8:15 PM,Baltimore Ravens,BAL,Cincinnati Bengals,CIN,Cincinnati,Ohio,,turf,turf,TRUE,FALSE,TRUE,FALSE,TRUE,FALSE,FALSE,FALSE,FALSE,FALSE,FALSE,FALSE,FALSE,FALSE,FALSE,FALSE,FALSE,FALSE,FALSE,1/1/2027 1:15,12/31/2026 20:15,12/31/2026 19:15,FALSE,Paycor Stadium,423,2,4,-2,FALSE,FALSE,FALSE,1,2,1,2,0.4,0.4
17,"Sunday, January 3, 2027",1:00 PM,New Orleans Saints,NO,Atlanta Falcons,ATL,Atlanta,Georgia,,turf,grass,FALSE,TRUE,TRUE,FALSE,FALSE,FALSE,FALSE,FALSE,FALSE,FALSE,FALSE,TRUE,FALSE,FALSE,FALSE,FALSE,FALSE,FALSE,FALSE,1/3/2027 18:00,1/3/2027 13:00,1/3/2027 12:00,FALSE,Mercedes-Benz Stadium,424,5,7,-2,FALSE,FALSE,FALSE,1,3,2,2,0.4,0.2
17,"Sunday, January 3, 2027",1:00 PM,Seattle Seahawks,SEA,Carolina Panthers,CAR,Charlotte,North Carolina,,grass,grass,TRUE,FALSE,FALSE,FALSE,FALSE,FALSE,FALSE,FALSE,FALSE,FALSE,FALSE,FALSE,TRUE,FALSE,FALSE,FALSE,FALSE,FALSE,TRUE,1/3/2027 18:00,1/3/2027 13:00,1/3/2027 12:00,FALSE,Bank of America Stadium,2280,5,9,-4,FALSE,TRUE,FALSE,1,2,1,3,0.2,0.6
17,"Sunday, January 3, 2027",1:00 PM,Indianapolis Colts,IND,Cleveland Browns,CLE,Cleveland,Ohio,,turf,turf,TRUE,FALSE,FALSE,FALSE,FALSE,FALSE,FALSE,FALSE,FALSE,FALSE,FALSE,TRUE,FALSE,FALSE,FALSE,FALSE,FALSE,FALSE,FALSE,1/3/2027 18:00,1/3/2027 13:00,1/3/2027 12:00,FALSE,Huntington Bank Field,263,7,5,2,FALSE,FALSE,FALSE,1,3,1,2,0.2,0.2
17,"Sunday, January 3, 2027",1:00 PM,New York Giants,NYG,Dallas Cowboys,DAL,Dallas,Texas,,turf,grass,FALSE,TRUE,TRUE,FALSE,FALSE,FALSE,FALSE,FALSE,FALSE,TRUE,TRUE,TRUE,FALSE,FALSE,FALSE,FALSE,FALSE,FALSE,FALSE,1/3/2027 18:00,1/3/2027 13:00,1/3/2027 12:00,FALSE,AT&T Stadium,1385,7,6,1,FALSE,FALSE,FALSE,2,3,2,2,1.4,0.2
17,"Sunday, January 3, 2027",1:00 PM,Buffalo Bills,BUF,Miami Dolphins,MIA,Miami,Florida,,turf,turf,TRUE,FALSE,TRUE,FALSE,FALSE,FALSE,FALSE,FALSE,FALSE,FALSE,TRUE,TRUE,FALSE,FALSE,FALSE,FALSE,FALSE,FALSE,FALSE,1/3/2027 18:00,1/3/2027 13:00,1/3/2027 12:00,FALSE,Hard Rock Stadium,1165,7,9,-2,FALSE,FALSE,FALSE,2,3,2,3,0.4,0.4
17,"Sunday, January 3, 2027",1:00 PM,Minnesota Vikings,MIN,New York Jets,NYJ,Newark,New Jersey,,turf,turf,TRUE,FALSE,FALSE,TRUE,FALSE,FALSE,FALSE,FALSE,FALSE,FALSE,FALSE,FALSE,FALSE,FALSE,FALSE,FALSE,FALSE,FALSE,FALSE,1/3/2027 18:00,1/3/2027 13:00,1/3/2027 12:00,FALSE,MetLife Stadium,1010,7,5,2,FALSE,FALSE,FALSE,1,2,2,3,0.2,0.2
17,"Sunday, January 3, 2027",1:00 PM,Pittsburgh Steelers,PIT,Tennessee Titans,TEN,Nashville,Tennessee,,grass,grass,TRUE,FALSE,FALSE,FALSE,FALSE,FALSE,FALSE,FALSE,FALSE,FALSE,FALSE,FALSE,FALSE,FALSE,FALSE,FALSE,FALSE,FALSE,FALSE,1/3/2027 18:00,1/3/2027 13:00,1/3/2027 12:00,FALSE,Nissan Stadium,471,7,5,2,FALSE,FALSE,FALSE,1,2,1,2,0,0.2
17,"Sunday, January 3, 2027",4:05 PM,Las Vegas Raiders,LV,Arizona Cardinals,ARI,Phoenix,Arizona,,turf,turf,TRUE,FALSE,FALSE,TRUE,FALSE,FALSE,FALSE,FALSE,FALSE,FALSE,FALSE,FALSE,FALSE,FALSE,FALSE,FALSE,FALSE,FALSE,FALSE,1/3/2027 21:05,1/3/2027 16:05,1/3/2027 15:05,FALSE,State Farm Stadium,242,7,7,0,FALSE,FALSE,FALSE,1,1,1,3,0.2,0.2
17,"Sunday, January 3, 2027",4:25 PM,Detroit Lions,DET,Chicago Bears,CHI,Chicago,Illinois,,turf,grass,FALSE,TRUE,TRUE,FALSE,FALSE,FALSE,FALSE,TRUE,FALSE,FALSE,FALSE,FALSE,FALSE,FALSE,FALSE,FALSE,FALSE,TRUE,FALSE,1/3/2027 21:25,1/3/2027 16:25,1/3/2027 15:25,FALSE,Soldier Field,237,9,6,3,TRUE,FALSE,FALSE,1,2,2,2,1,0.2
17,"Sunday, January 3, 2027",8:20 PM,Philadelphia Eagles,PHI,San Francisco 49ers,SF,San Francisco,California,,turf,grass,FALSE,TRUE,FALSE,FALSE,FALSE,TRUE,FALSE,FALSE,FALSE,FALSE,FALSE,FALSE,TRUE,FALSE,FALSE,FALSE,FALSE,FALSE,TRUE,1/4/2027 1:20,1/3/2027 20:20,1/3/2027 19:20,FALSE,Levi's® Stadium,2502,7,10,-3,FALSE,TRUE,FALSE,1,1,1,2,1.2,0.4
17,"Sunday, January 3, 2027",TBD,Washington Commanders,WAS,Jacksonville Jaguars,JAX,Jacksonville,Florida,,turf,grass,FALSE,TRUE,FALSE,TRUE,FALSE,FALSE,FALSE,FALSE,FALSE,FALSE,TRUE,FALSE,FALSE,FALSE,FALSE,FALSE,FALSE,FALSE,FALSE,1/5/2027 0:00,1/4/2027 19:00,1/4/2027 18:00,TRUE,EverBank Stadium,652,9,7,2,FALSE,FALSE,FALSE,2,2,1,2,0.6,0
17,"Sunday, January 3, 2027",TBD,Kansas City Chiefs,KC,Los Angeles Chargers,LAC,Los Angeles,California,,grass,turf,FALSE,TRUE,TRUE,FALSE,FALSE,FALSE,FALSE,FALSE,FALSE,FALSE,FALSE,FALSE,FALSE,FALSE,FALSE,FALSE,FALSE,FALSE,FALSE,1/5/2027 0:00,1/4/2027 19:00,1/4/2027 18:00,TRUE,SoFi Stadium,1366,9,9,0,FALSE,FALSE,FALSE,1,2,1,2,0.2,0.2
17,"Sunday, January 3, 2027",TBD,Denver Broncos,DEN,New England Patriots,NE,Boston,Massachusetts,,turf,turf,TRUE,FALSE,FALSE,FALSE,FALSE,FALSE,FALSE,FALSE,FALSE,FALSE,FALSE,TRUE,FALSE,FALSE,FALSE,FALSE,FALSE,FALSE,FALSE,1/5/2027 0:00,1/4/2027 19:00,1/4/2027 18:00,TRUE,Gillette Stadium,1758,9,11,-2,FALSE,FALSE,FALSE,1,3,1,2,0.2,0.2
17,"Sunday, January 3, 2027",TBD,Los Angeles Rams,LAR,Tampa Bay Buccaneers,TB,Tampa Bay,Florida,,turf,grass,FALSE,TRUE,FALSE,FALSE,FALSE,FALSE,FALSE,FALSE,FALSE,FALSE,TRUE,TRUE,TRUE,FALSE,FALSE,FALSE,FALSE,FALSE,TRUE,1/5/2027 0:00,1/4/2027 19:00,1/4/2027 18:00,TRUE,Raymond James Stadium,2152,7,11,-4,FALSE,TRUE,FALSE,2,3,1,2,0.8,0.4
17,"Monday, January 4, 2027",8:15 PM,Houston Texans,HOU,Green Bay Packers,GB,Green Bay,Wisconsin,,grass,grass,TRUE,FALSE,FALSE,TRUE,FALSE,FALSE,FALSE,FALSE,FALSE,FALSE,TRUE,TRUE,FALSE,FALSE,FALSE,FALSE,FALSE,FALSE,FALSE,1/5/2027 1:15,1/4/2027 20:15,1/4/2027 19:15,FALSE,Lambeau Field,1100,10,11,-1,FALSE,FALSE,FALSE,2,3,1,3,0.6,0.2
18,"Sunday, January 10, 2027",TBD,San Francisco 49ers,SF,Arizona Cardinals,ARI,Phoenix,Arizona,,grass,turf,FALSE,TRUE,TRUE,FALSE,FALSE,FALSE,FALSE,FALSE,FALSE,FALSE,FALSE,TRUE,FALSE,FALSE,FALSE,FALSE,FALSE,FALSE,FALSE,1/10/2027 0:00,1/9/2027 19:00,1/9/2027 18:00,TRUE,State Farm Stadium,608,7,7,0,FALSE,FALSE,FALSE,1,3,2,3,0.4,0.2
18,"Sunday, January 10, 2027",TBD,Pittsburgh Steelers,PIT,Baltimore Ravens,BAL,Baltimore,Maryland,,grass,turf,FALSE,TRUE,TRUE,FALSE,FALSE,FALSE,FALSE,FALSE,FALSE,FALSE,TRUE,FALSE,FALSE,FALSE,FALSE,FALSE,FALSE,TRUE,FALSE,1/10/2027 0:00,1/9/2027 19:00,1/9/2027 18:00,TRUE,M&T Bank Stadium,197,10,7,3,TRUE,FALSE,FALSE,2,2,1,2,0.8,0.2
18,"Sunday, January 10, 2027",TBD,New York Jets,NYJ,Buffalo Bills,BUF,Buffalo,New York,,turf,turf,TRUE,FALSE,TRUE,FALSE,FALSE,FALSE,FALSE,FALSE,FALSE,FALSE,FALSE,FALSE,FALSE,FALSE,FALSE,FALSE,FALSE,FALSE,FALSE,1/10/2027 0:00,1/9/2027 19:00,1/9/2027 18:00,TRUE,Highmark Stadium,278,7,7,0,FALSE,FALSE,FALSE,1,2,1,2,0,0.4
18,"Sunday, January 10, 2027",TBD,Atlanta Falcons,ATL,Carolina Panthers,CAR,Charlotte,North Carolina,,grass,grass,TRUE,FALSE,TRUE,FALSE,FALSE,FALSE,FALSE,FALSE,FALSE,FALSE,FALSE,FALSE,FALSE,FALSE,FALSE,FALSE,FALSE,FALSE,FALSE,1/10/2027 0:00,1/9/2027 19:00,1/9/2027 18:00,TRUE,Bank of America Stadium,226,7,7,0,FALSE,FALSE,FALSE,1,2,2,3,0,0.4
18,"Sunday, January 10, 2027",TBD,Cleveland Browns,CLE,Cincinnati Bengals,CIN,Cincinnati,Ohio,,turf,turf,TRUE,FALSE,TRUE,FALSE,FALSE,FALSE,FALSE,FALSE,FALSE,FALSE,FALSE,TRUE,FALSE,FALSE,FALSE,FALSE,FALSE,TRUE,FALSE,1/10/2027 0:00,1/9/2027 19:00,1/9/2027 18:00,TRUE,Paycor Stadium,223,10,7,3,TRUE,FALSE,FALSE,1,3,2,2,0.6,0.4
18,"Sunday, January 10, 2027",TBD,Los Angeles Chargers,LAC,Denver Broncos,DEN,Denver,Colorado,,turf,turf,TRUE,FALSE,TRUE,FALSE,FALSE,FALSE,FALSE,FALSE,FALSE,FALSE,FALSE,FALSE,FALSE,FALSE,FALSE,FALSE,FALSE,FALSE,FALSE,1/10/2027 0:00,1/9/2027 19:00,1/9/2027 18:00,TRUE,Empower Field at Mile High,837,5,5,0,FALSE,FALSE,FALSE,1,2,1,2,0,0.4
18,"Sunday, January 10, 2027",TBD,Detroit Lions,DET,Green Bay Packers,GB,Green Bay,Wisconsin,,turf,grass,FALSE,TRUE,TRUE,FALSE,FALSE,FALSE,FALSE,FALSE,FALSE,FALSE,TRUE,TRUE,FALSE,FALSE,FALSE,FALSE,FALSE,FALSE,FALSE,1/10/2027 0:00,1/9/2027 19:00,1/9/2027 18:00,TRUE,Lambeau Field,293,6,7,-1,FALSE,FALSE,FALSE,2,3,2,3,0.6,0.2
18,"Sunday, January 10, 2027",TBD,Tennessee Titans,TEN,Houston Texans,HOU,Houston,Texas,,grass,grass,TRUE,FALSE,TRUE,FALSE,FALSE,FALSE,FALSE,FALSE,FALSE,FALSE,FALSE,FALSE,FALSE,FALSE,FALSE,FALSE,FALSE,FALSE,FALSE,1/10/2027 0:00,1/9/2027 19:00,1/9/2027 18:00,TRUE,Reliant Stadium,671,6,7,-1,FALSE,FALSE,FALSE,1,2,1,2,0,0.4
18,"Sunday, January 10, 2027",TBD,Jacksonville Jaguars,JAX,Indianapolis Colts,IND,Indianapolis,Indiana,,grass,turf,FALSE,TRUE,TRUE,FALSE,FALSE,FALSE,FALSE,FALSE,FALSE,FALSE,FALSE,TRUE,FALSE,FALSE,FALSE,FALSE,FALSE,FALSE,FALSE,1/10/2027 0:00,1/9/2027 19:00,1/9/2027 18:00,TRUE,Lucas Oil Stadium,700,7,5,2,FALSE,FALSE,FALSE,1,3,1,2,0.4,0.2
18,"Sunday, January 10, 2027",TBD,Las Vegas Raiders,LV,Kansas City Chiefs,KC,Kansas City,Missouri,,turf,grass,FALSE,TRUE,TRUE,FALSE,FALSE,FALSE,FALSE,FALSE,FALSE,FALSE,TRUE,FALSE,FALSE,FALSE,FALSE,FALSE,FALSE,FALSE,FALSE,1/10/2027 0:00,1/9/2027 19:00,1/9/2027 18:00,TRUE,GEHA Field at Arrowhead Stadium,1149,5,7,-2,FALSE,FALSE,FALSE,2,2,1,3,0.4,0.2
18,"Sunday, January 10, 2027",TBD,Seattle Seahawks,SEA,Los Angeles Rams,LAR,Los Angeles,California,,grass,turf,FALSE,TRUE,TRUE,FALSE,FALSE,FALSE,FALSE,FALSE,FALSE,FALSE,TRUE,TRUE,FALSE,FALSE,FALSE,FALSE,FALSE,FALSE,FALSE,1/10/2027 0:00,1/9/2027 19:00,1/9/2027 18:00,TRUE,SoFi Stadium,965,5,7,-2,FALSE,FALSE,FALSE,2,3,1,2,0.6,0.2
18,"Sunday, January 10, 2027",TBD,Chicago Bears,CHI,Minnesota Vikings,MIN,Minneapolis,Minnesota,,grass,turf,FALSE,TRUE,TRUE,FALSE,FALSE,FALSE,FALSE,FALSE,FALSE,FALSE,FALSE,FALSE,FALSE,FALSE,FALSE,FALSE,FALSE,FALSE,FALSE,1/10/2027 0:00,1/9/2027 19:00,1/9/2027 18:00,TRUE,U.S. Bank Stadium,355,7,7,0,FALSE,FALSE,FALSE,1,2,1,3,0.2,0.2
18,"Sunday, January 10, 2027",TBD,Miami Dolphins,MIA,New England Patriots,NE,Boston,Massachusetts,,turf,turf,TRUE,FALSE,TRUE,FALSE,FALSE,FALSE,FALSE,FALSE,FALSE,FALSE,FALSE,FALSE,FALSE,FALSE,FALSE,FALSE,FALSE,FALSE,FALSE,1/10/2027 0:00,1/9/2027 19:00,1/9/2027 18:00,TRUE,Gillette Stadium,1226,5,7,-2,FALSE,FALSE,FALSE,1,2,2,2,0,0.4
18,"Sunday, January 10, 2027",TBD,Tampa Bay Buccaneers,TB,New Orleans Saints,NO,New Orleans,Louisiana,,grass,turf,FALSE,TRUE,TRUE,FALSE,FALSE,FALSE,FALSE,FALSE,FALSE,FALSE,FALSE,FALSE,FALSE,FALSE,FALSE,FALSE,FALSE,FALSE,FALSE,1/10/2027 0:00,1/9/2027 19:00,1/9/2027 18:00,TRUE,Caesars Superdome,478,7,5,2,FALSE,FALSE,FALSE,1,2,1,2,0.2,0.2
18,"Sunday, January 10, 2027",TBD,Philadelphia Eagles,PHI,New York Giants,NYG,Newark,New Jersey,,turf,turf,TRUE,FALSE,TRUE,FALSE,FALSE,FALSE,FALSE,FALSE,FALSE,FALSE,TRUE,FALSE,FALSE,FALSE,FALSE,FALSE,FALSE,FALSE,FALSE,1/10/2027 0:00,1/9/2027 19:00,1/9/2027 18:00,TRUE,MetLife Stadium,85,7,7,0,FALSE,FALSE,FALSE,2,2,1,2,0.2,0.4
18,"Sunday, January 10, 2027",TBD,Dallas Cowboys,DAL,Washington Commanders,WAS,Washington D.C.,District of Columbia,,grass,turf,FALSE,TRUE,TRUE,FALSE,FALSE,FALSE,FALSE,FALSE,FALSE,FALSE,FALSE,FALSE,FALSE,FALSE,FALSE,FALSE,FALSE,FALSE,FALSE,1/10/2027 0:00,1/9/2027 19:00,1/9/2027 18:00,TRUE,Northwest Stadium,1207,5,7,-2,FALSE,FALSE,FALSE,1,2,1,2,0.2,0.2
